Rank,Japanese,Kana,Vietnamese,English
1,できる,できる,có thể,can
2,その,その,cái đó,that
3,使う,つかう,sử dụng,use
4,情報,じょうほう,thông tin,information
5,データ,でーた,dữ liệu,data
6,場合,ばあい,trường hợp,case
7,必要,ひつよう,cần thiết,necessary
8,機能,きのう,chức năng,function
9,行う,おこなう,thực hiện,execute
10,サイト,さいと,trang web,website
11,利用する,りようする,sử dụng,use
12,開発する,かいはつする,phát triển,develop
13,サービス,さーびす,dịch vụ,service
14,可能,かのう,có khả năng,possible
15,ファイル,ふぁいる,tài liệu,file
16,表示する,ひょうじする,hiển thị,display(view)
17,提供する,ていきょうする,cung cấp,supply
18,システム,しすてむ,hệ thống,system
19,ページ,ぺーじ,trang,page
20,画面,がめん,màn hình,screen
21,管理する,かんりする,quản lý,control
22,現在,げんざい,hiện nay,current(now)
23,環境,かんきょう,môi trường,environment
24,使用する,しようする,sử dụng,use
25,設定する,せっていする,thiết lập(cài đặt),setting
26,対応する,たいおうする,hỗ trợ,support
27,化する,かする,chuyển biến,transform
28,プログラム,ぷろぐらむ,chương trình,program
29,内容,ないよう,nội dung,content
30,含む,ふくむ,bao gồm,contain
31,メールアドレス,めーるあどれす,địa chỉ mail,mail address
32,サーバ,さーば,server,server
33,向け,むけ,dành cho đối tượng,(bound [headed]) for
34,処理する,しょりする,xử lý,process
35,コード,こーど,code,code
36,アプリケーション,あぷりけーしょん,application,application
37,インストールする,いんすとーるする,cài đặt vào,install
38,全て,すべて,toàn bộ,all
39,ソフトウェア,そふとうぇあ,phần mềm,software
40,技術,ぎじゅつ,kỹ thuật,technology
41,公開する,こうかいする,công bố(ra mắt),expose(publish)
42,追加する,ついかする,thêm vào,add
43,認証する,にんしょうする,chứng thực,authenticate
44,複数,ふくすう,nhiều,plural
45,新しい,あたらしい,mới,new
46,作成する,さくせいする,tạo ra,create
47,プロジェクト,ぷろじぇくと,dự án,project
48,テストする,てすとする,kiểm thử,test
49,対象,たいしょう,đối tượng,subject(target)
50,関連,かんれん,liên quan,in connection with..
51,検索する,けんさくする,tìm kiếm,search
52,部分,ぶぶん,bộ phận,part(section)
53,ツール,つーる,dụng cụ,tool
54,実行する,じっこうする,thực hiện,execute
55,一部,いちぶ,một phần,a part
56,操作する,そうさする,điều khiển,operate(handle)
57,アクセスする,あくせすする,truy cập,access
58,番号,ばんごう,số,number
59,用意する,よういする,chuẩn bị ,prepare
60,通信する,つうしんする,truyền tin,transmit
61,バージョン,ばーじょん,phiên bản,version
62,データベース,でーたべーす,cơ sở dữ liệu,database
63,作業,さぎょう,công việc,work
64,変更する,へんこうする,thay đổi,change
65,基本,きほん,cơ bản,basic
66,接続する,せつぞくする,kết nối,connect
67,専用,せんよう,chuyên dụng,exclusive
68,それぞれ,それぞれ,mỗi thứ,each
69,個人,こじん,cá nhân,individual
70,得る,える,đạt được,get
71,ネットワーク,ねっとわーく,mạng,network
72,端末,たんまつ,thiết bị,device
73,目的,もくてき,mục đích,target
74,日本語,にほんご,tiếng nhật,japanese
75,一般,いっぱん,thông thường,general
76,標準,ひょうじゅん,tiêu chuẩn,standard
77,パッケージソフトウェア,ぱっけーじそふとうぇあ,gói phần mềm,package software
78,これら,これら,những cái này,these
79,確認する,かくにんする,xác nhận,confirm
80,入力する,にゅうりょく,nhập vào,input
81,リンクする,りんくする,link,link
82,種類,しゅるい,loại,kind(sort)
83,動作する,どうさする,hoạt động,operate
84,ベース,べーす,nền(nền tảng),base
85,仕様,しよう,thông số kỹ thuật,specification
86,グループ,ぐるーぷ,nhóm,group
87,ボタン,ぼたん,nút,button
88,異なる,ことなる,khác với,different
89,指定する,していする,chỉ định,appoint
90,メモリ,めもり,lưu trữ,memory
91,トップ,とっぷ,trên đầu,top
92,パスワード,ぱすわーど,mật khẩu,password
93,まとめる,まとめる,sắp xếp,arrange(collect)
94,コンテンツ,こんてんつ,thành phần,content
95,登録する,とうろくする,đăng ký,register
96,特定する,とくていする,định rõ,specify(isolate)
97,重要,じゅうよう,quan trọng,important
98,編集する,へんしゅうする,sửa,edit
99,発生する,はっせいする,xảy ra,occur
100,サポートする,さぽーとする,hỗ trợ,support
101,構成する,こうせいする,,
102,製品,せいひん,,
103,言語,げんご,,
104,外部,がいぶ,,
105,存在する,そんざいする,,
106,保存する,ほぞんする,,
107,用いる,もちいる,,
108,インターネット,いんたーねっと,,
109,形式,けいしき,,
110,研究,けんきゅう,,
111,ごと,ごと,,
112,同様,どうよう,,
113,業務,ぎょうむ,,
114,特徴,とくちょう,,
115,有効,ゆうこう,,
116,セキュリティ,せきゅりてぃ,,
117,選択する,せんたくする,,
118,起動する,きどうする,,
119,電子,でんし,,
120,メッセージボックス,めっせーじぼっくす,,
121,示す,しめす,,
122,実現する,じつげんする,,
123,取得する,しゅとくする,,
124,カメラ,かめら,,
125,位置,いち,,
126,開始する,かいしする,,
127,与える,あたえる,,
128,ブラウザ,ぶらうざ,,
129,導入する,どうにゅうする,,
130,全体,ぜんたい,,
131,条件,じょうけん,,
132,要素,ようそ,,
133,ユーザー,ゆーざー,,
134,設計する,せっけいする,,
135,直接,ちょくせつ,,
136,ポート,ぽーと,,
137,モード,もーど,,
138,出力する,しゅつりょくする,,
139,中心,ちゅうしん,,
140,運用する,うんようする,,
141,スマートフォン,すまーとふぉん,,
142,ダウンロードする,だうんろーどする,,
143,採用する,さいようする,,
144,キー,きー,,
145,加える,くわえる,,
146,構築する,こうちくする,,
147,領域,りょういき,,
148,ライセンス,らいせんす,,
149,進める,すすめる,,
150,リストアップする,りすとあっぷする,,
151,消費する,しょうひする,,
152,メニュー項目,めにゅーこうもく,,
153,実装する,じっそうする,,
154,音声,おんせい,,
155,展開する,てんかいする,,
156,内部処理,ないぶしょり,,
157,アドレス,あどれす,,
158,以前,いぜん,,
159,資料,しりょう,,
160,いくつ,いくつ,,
161,契約,けいやく,,
162,メディア,めでぃあ,,
163,含める,ふくめる,,
164,ビット,びっと,,
165,構造,こうぞう,,
166,終了する,しゅうりょうする,,
167,自体,じたい,,
168,項目,こうもく,,
169,モジュール,もじゅーる,,
170,初期状態,しょきじょうたい,,
171,プロセス,ぷろせす,,
172,再生する,さいせいする,,
173,オンライン,おんらいん,,
174,フレーム,ふれーむ,,
175,拡張する,かくちょうする,,
176,範囲,はんい,,
177,修正する,しゅうせいする,,
178,デスク,ですく,,
179,扱う,あつかう,,
180,書籍,しょせき,,
181,速度,そくど,,
182,ノート,のーと,,
183,高速,こうそく,,
184,変換する,へんかんする,,
185,独自,どくじ,,
186,分野,ぶんや,,
187,キーボード,きーぼーど,,
188,プログラミング,ぷろぐらみんぐ,,
189,コンピュータ,こんぴゅーた,,
190,文書,ぶんしょ,,
191,自動的,じどうてき,,
192,ログアウト,ろぐあうと,,
193,ログイン名,ろぐいんめい,,
194,ログオフ,ろぐおふ,,
195,ログオン,ろぐおん,,
196,大量,たいりょう,,
197,知識,ちしき,,
198,様々,さまざま,,
199,応じる,おうじる,,
200,搭載する,とうさいする,,
201,制限する,せいげんする,,
202,自身,じしん,,
203,目標,もくひょう,,
204,方式,ほうしき,,
205,移動する,いどうする,,
206,テキスト,てきすと,,
207,既存,きそん,,
208,キャッシュ,きゃっしゅ,,
209,モバイル,もばいる,,
210,使い方,つかいかた,,
211,ログ,ろぐ,,
212,単位,たんい,,
213,参照する,さんしょうする,,
214,バックアップする,ばっくあっぷする,,
215,解析する,かいせきする,,
216,仕組む,しくむ,,
217,リアルタイム,りあるたいむ,,
218,仮想,かそう,,
219,プラットフォーム,ぷらっとふぉーむ,,
220,オプション,おぷしょん,,
221,エンジン,えんじん,,
222,コマンド,こまんど,,
223,一覧する,いちらんする,,
224,段階,だんかい,,
225,各種,かくしゅ,,
226,デバイス,でばいす,,
227,ストレージ,すとれーじ,,
228,閲覧する,えつらんする,,
229,実施する,じっしする,,
230,同期する,どうきする,,
231,団体,だんたい,,
232,手順,てじゅん,,
233,パターン,ぱたーん,,
234,登場する,とうじょうする,,
235,効率,こうりつ,,
236,アップデート,あっぷでーと,,
237,マウス,まうす,,
238,タブレット,たぶれっと,,
239,それら,それら,,
240,容量,ようりょう,,
241,関連する,かんれんする,,
242,数字,すうじ,,
243,定義する,ていぎする,,
244,ワーク,わーく,,
245,分析する,ぶんせきする,,
246,記録する,きろくする,,
247,動く,うごき,,
248,基づく,もとづく,,
249,キーワード,きーわーど,,
250,十分,じゅうぶん,,
251,計算する,けいさんする,,
252,不要,ふよう,,
253,キャリア,きゃりあ,,
254,マシン,ましん,,
255,手法,しゅほう,,
256,適用する,てきようする,,
257,マークアップ言語,まーくあっぷげんご,,
258,ドメイン,どめいん,,
259,チャンネル,ちゃんねる,,
260,ソースコード,そーすこーど,,
261,発見する,はっけんする,,
262,評価する,ひょうかする,,
263,生成する,せいせいする,,
264,適切,てきせつ,,
265,書き込む,かきこむ,,
266,送信する,そうしんする,,
267,コア,こあ,,
268,任意,にんい,,
269,オープンソースソフトウェア,おーぷんそーすそふとうぇあ,,
270,制御する,せいぎょする,,
271,共有する,きょうゆうする,,
272,最適,さいてき,,
273,バグ,ばぐ,,
274,機器,きき,,
275,電源,でんげん,,
276,設置する,せっちする,,
277,統合する,とうごうする,,
278,性能,せいのう,,
279,シェア,しぇあ,,
280,高める,たかめる,,
281,スペース,すぺーす,,
282,確保する,かくほする,,
283,問い合わせる,といあわせる,,
284,共通する,きょうつうする,,
285,数値,すうち,,
286,正確,せいかく,,
287,シンプル,しんぷる,,
288,クラウド,くらうど,,
289,容易,ようい,,
290,両方,りょうほう,,
291,速い,はやい,,
292,セッション,せっしょん,,
293,向上する,こうじょうする,,
294,切り替える,きりかえる,,
295,生じる,しょうじる,,
296,組織,そしき,,
297,掲載する,けいさいする,,
298,比較する,ひかくする,,
299,用途,ようと,,
300,プラグイン,ぷらぐいん,,
301,オブジェクト,おぶじぇくと,,
302,権限,けんげん,,
303,読み込む,よみこむ,,
304,リーダ,りーだ,,
305,削除する,さくじょする,,
306,不具合,ふぐあい,,
307,個別,こべつ,,
308,リリースする,りりーすする,,
309,方向,ほうこう,,
310,空間,くうかん,,
311,スクリプト言語,すくりぷとげんご,,
312,メモ,めも,,
313,コピーする,こぴーする,,
314,完了する,かんりょうする,,
315,リソース,りそーす,,
316,従来,じゅうらい,,
317,概要,がいよう,,
318,履歴,りれき,,
319,規格,きかく,,
320,動かす,うごかす,,
321,改善する,かいぜんする,,
322,組み込む,くみこむ,,
323,複雑,ふくざつ,,
324,ライブラリ,らいぶらり,,
325,基準,きじゅん,,
326,起こる,おこる,,
327,代わり,かわり,,
328,配置する,はいちする,,
329,エラー,えらー,,
330,保証する,ほしょうする,,
331,解決する,かいけつする,,
332,事前,じぜん,,
333,活用する,かつようする,,
334,ルール,るーる,,
335,フォーマット,ふぉーまっと,,
336,単純,たんじゅん,,
337,ローカル変数,ろーかるへんすう,,
338,名称変更,めいしょうへんこう,,
339,ディスプレイ,でぃすぷれい,,
340,コスト,こすと,,
341,伴う,ともなう,,
342,はじめ,はじめ,,
343,住所,じゅうしょ,,
344,記載する,きさいする,,
345,不正,ふせい,,
346,社内,しゃない,,
347,文字列,もじれつ,,
348,フォーム,ふぉーむ,,
349,想定する,そうていする,,
350,ビデオカード,びでおかーど,,
351,ドキュメント,どきゅめんと,,
352,要件,ようけん,,
353,背景,はいけい,,
354,認識する,にんしきする,,
355,パスする,ぱすする,,
356,品質,ひんしつ,,
357,検証する,けんしょうする,,
358,前提,ぜんてい,,
359,顧客,こきゃく,,
360,経由する,けいゆする,,
361,変化する,へんかする,,
362,除く,のぞく,,
363,判断する,はんだんする,,
364,受信する,じゅしんする,,
365,通知する,つうちする,,
366,命令セット,めいれいせっと,,
367,リモートコントロール,りもーとこんとろーる,,
368,カスタマイズ,かすたまいず,,
369,格納する,かくのうする,,
370,分ける,わける,,
371,電力,でんりょく,,
372,共同,きょうどう,,
373,組み合わせる,くみあわせる,,
374,地図,ちず,,
375,具体,ぐたい,,
376,タブ,たぶ,,
377,記述する,きじゅつする,,
378,属性,ぞくせい,,
379,監視する,かんしする,,
380,表現する,ひょうげんする,,
381,注目する,ちゅうもくする,,
382,ルート,るーと,,
383,一時,いちじ,,
384,備える,そなえる,,
385,法人,ほうじん,,
386,正式,せいしき,,
387,発行する,はっこうする,,
388,テンプレート,てんぷれーと,,
389,エリア,えりあ,,
390,フォントサイズ,ふぉんとさいず,,
391,拡大する,かくだいする,,
392,インフラ,いんふら,,
393,継続する,けいぞくする,,
394,ノード,のーど,,
395,停止する,ていしする,,
396,配布する,はいふする,,
397,支援する,しえんする,,
398,チャット,ちゃっと,,
399,無効にする,むこうにする,,
400,基礎,きそ,,
401,運営する,うんえいする,,
402,要求する,ようきゅうする,,
403,主要,しゅよう,,
404,ボード,ぼーど,,
405,倍数,ばいすう,,
406,細かい,こまかい,,
407,パフォーマンス,ぱふぉーまんす,,
408,アルゴリズム,あるごりずむ,,
409,もと,もと,,
410,意味する,いみする,,
411,改良する,かいりょうする,,
412,無償,むしょう,,
413,大幅,おおはば,,
414,表す,あらわす,,
415,規模,きぼ,,
416,スイッチ,すいっち,,
417,優れる,すぐれる,,
418,チップ,ちっぷ,,
419,普及する,ふきゅうする,,
420,スレッド,すれっど,,
421,グラフ,ぐらふ,,
422,特許,とっきょ,,
423,ロード,ろーど,,
424,必須,ひっす,,
425,スケジュール,すけじゅーる,,
426,暗号,あんごう,,
427,更新する,こうしんする,,
428,依存する,いぞんする,,
429,ウイルス,ういるす,,
430,印刷する,いんさつする,,
431,アップロード,あっぷろーど,,
432,埋め込む,うめこむ,,
433,有料,ゆうりょう,,
434,権利,けんり,,
435,いわゆる,いわゆる,,
436,固定する,こていする,,
437,強化する,きょうかする,,
438,軽量,けうりょう,,
439,事例,じれい,,
440,ターゲット,たーげっと,,
441,パーツ,ぱーつ,,
442,部品,ぶひん,,
443,負荷軽減,ふかけいげん,,
444,高度,こうど,,
445,時刻,じこく,,
446,移行する,いこうする,,
447,成果,せいか,,
448,回数,かいすう,,
449,配列,はいれつ,,
450,要望,ようぼう,,
451,調整する,ちょうせいする,,
452,同時,どうじ,,
453,互換,ごかん,,
454,バッチ処理,ばっちしょり,,
455,レコード,れこーど,,
456,一定,いってい,,
457,選択肢,せんたくし,,
458,議論する,ぎろんする,,
459,反映する,はんえいする,,
460,マップ,まっぷ,,
461,担当する,たんとうする,,
462,いずれ,いずれ,,
463,ホスト名,ほすとめい,,
464,管理者,かんりしゃ,,
465,把握する,はあくする,,
466,割り当てる,わりあてる,,
467,ドット,どっと,,
468,役割,やくわり,,
469,そのもの,そのもの,,
470,手軽,てがる,,
471,物理メモリ,ぶつりめもり,,
472,セル,せる,,
473,保守,ほしゅ,,
474,マルチ,まるち,,
475,損害,そんがい,,
476,ウィンドウ,うぃんどう,,
477,トラブル,とらぶる,,
478,ハードウェア,はーどうぇあ,,
479,コミュニティ,こみゅにてぃ,,
480,ディスク,でぃすく,,
481,推奨する,すいしょうする,,
482,メリット,めりっと,,
483,グレード,ぐれーど,,
484,コミュニケーション,こみゅにけーしょん,,
485,稼働する,かどうする,,
486,方針,ほうしん,,
487,コンポーネント,こんぽーねんと,,
488,当初,とうしょ,,
489,カテゴリ,かてごり,,
490,取り込む,とりこむ,,
491,指す,さす,,
492,関数,かんすう,,
493,検討,けんとう,,
494,単語,たんご,,
495,統計,とうけい,,
496,利用可能,りようかのう,,
497,エンジニア,えんじにあ,,
498,解説する,かいせつする,,
499,呼び出す,よびだす,,
500,維持する,いじする,,
501,手続き,てつづき,,
502,置き換える,おきかえる,,
503,防ぐ,ふせぐ,,
504,入手する,にゅうしゅする,,
505,こうした,こうした,,
506,自社,じしゃ,,
507,翻訳する,ほんやくする,,
508,連携する,れんけいする,,
509,機構,きこう,,
510,あわせる,あわせる,,
511,実績,じっせき,,
512,資産,しさん,,
513,オン,おん,,
514,需要,じゅよう,,
515,カバーする,かばーする,,
516,動的,どうてき,,
517,汎用,はんよう,,
518,許可する,きょかする,,
519,コントロールする,こんとろーるする,,
520,概念,がいねん,,
521,インスタンス,いんすたんす,,
522,形態,けいたい,,
523,配信する,はいしんする,,
524,明確,めいかく,,
525,アニメーション,あにめーしょん,,
526,あらゆる,あらゆる,,
527,スロット,すろっと,,
528,メンテナンス,めんてなんす,,
529,つなぐ,つなぐ,,
530,フィールド,ふぃーるど,,
531,グローバル,ぐろーばる,,
532,マクロ機能,まくろきのう,,
533,付属する,ふぞくする,,
534,規約,きやく,,
535,考え方,かんがえかた,,
536,デフォルト設定,でふぉるとせってい,,
537,バージョンアップ,ばーじょんあっぷ,,
538,分散,ぶんさん,,
539,プレーヤー,ぷれーやー,,
540,基盤,きばん,,
541,二つ,ふたつ,,
542,カーネル,かーねる,,
543,正常,せいじょう,,
544,手間,てま,,
545,回線,かいせん,,
546,限定する,げんていする,,
547,リクエスト,りくえすと,,
548,解消する,かいしょうする,,
549,支払う,しはらう,,
550,コール,こーる,,
551,応用する,おうようする,,
552,一括,いっかつ,,
553,開発環境,かいはつかんきょう,,
554,高まる,たかまる,,
555,困難,こんなん,,
556,順番,じゅんばん,,
557,減らす,へらす,,
558,最小,さいしょう,,
559,マニュアル,まにゅある,,
560,箇所,かしょ,,
561,転送する,てんそうする,,
562,オーディオ,おーでぃお,,
563,受け付ける,うけつける,,
564,ループ,るーぷ,,
565,保持する,ほじする,,
566,理論,りろん,,
567,番目,ばんめ,,
568,辞書,じしょ,,
569,センサー,せんさー,,
570,ロゴ,ろご,,
571,工程,こうてい,,
572,何らかの,なんらかの,,
573,設備,せつび,,
574,定める,さだめる,,
575,コントローラ,こんとろーら,,
576,視点,してん,,
577,精度,せいど,,
578,仮想マシン,かそうましん,,
579,実用,じつよう,,
580,プロトコル,ぷろとこる,,
581,解像度,かいぞうど,,
582,考慮する,こうりょする,,
583,レイアウト,れいあうと,,
584,未満,みまん,,
585,タスク,たすく,,
586,応答する,おうとうする,,
587,相当する,そうとうする,,
588,個々,ここ,,
589,スマート,すまーと,,
590,つながる,つながる,,
591,研究所,けんきゅうしょ,,
592,アーカイブファイル,あーかいぶふぁいる,,
593,プログラミング言語,ぷろぐらみんぐげんご,,
594,抽出する,ちゅうしゅつする,,
595,直後,ちょくご,,
596,ウェブサイト,うぇぶさいと,,
597,重視する,じゅうしする,,
598,請求する,せいきゅうする,,
599,グラフィック,ぐらふぃっく,,
600,発信する,はっしんする,,
601,メソッド,めそっど,,
602,禁止する,きんしする,,
603,アイデア,あいであ,,
604,分割する,ぶんかつする,,
605,ファイル名,ふぁいるめい,,
606,迅速,じんそく,,
607,案件,あんけん,,
608,柔軟,じゅうなん,,
609,意識する,いしきする,,
610,ポリシー,ぽりしー,,
611,単一,たんいつ,,
612,プライベート,ぷらいべーと,,
613,単体,たんたい,,
614,指示する,しじする,,
615,増加,ぞうか,,
616,例外,れいがい,,
617,依頼する,いらいする,,
618,論理,ろんり,,
619,簡易,かんい,,
620,ビルド,びるど,,
621,乱数生成,らんすうせいせい,,
622,ランダム,らんだむ,,
623,規定,きてい,,
624,ピクセル,ぴくせる,,
625,買収する,ばいしゅうする,,
626,検出する,けんしゅつする,,
627,減少する,げんしょうする,,
628,利点,りてん,,
629,パネル,ぱねる,,
630,誤る,あやまる,,
631,演算,えんざん,,
632,統一する,とういつする,,
633,パケット通信,ぱけっとつうしん,,
634,駆動する,くどうする,,
635,無線,むせん,,
636,安価,あんか,,
637,ロボット,ろぼっと,,
638,次世代,じせだい,,
639,商用,しょうよう,,
640,手元,てもと,,
641,取り出す,とりだす,,
642,検索結果,けんさくけっか,,
643,手動,しゅどう,,
644,内蔵する,ないぞうする,,
645,スクリーンセーバー,すくりーんせーばー,,
646,ノウハウ,のうはう,,
647,挿入する,そうにゅうする,,
648,インデックス,いんでっくす,,
649,変数,へんすう,,
650,カスタム,かすたむ,,
651,図る,はかる,,
652,拡張機能,かくちょうきのう,,
653,挙動,きょどう,,
654,収集する,しゅうしゅうする,,
655,コンソール,こんそーる,,
656,コンパイル,こんぱいる,,
657,アーキテクチャ,あーきてくちゃ,,
658,該当する,がいとうする,,
659,調査する,ちょうさする,,
660,外付け,そとづけ,,
661,制約,せいやく,,
662,ディレクトリ,でぃれくとり,,
663,一致する,いっちする,,
664,代替する,だいたいする,,
665,制作する,せいさくする,,
666,全般,ぜんぱん,,
667,管理システム,かんりしすてむ,,
668,提示する,ていじする,,
669,同等,どうとう,,
670,マネジメント,まねじめんと,,
671,割合,わりあい,,
672,チェックする,ちぇっくする,,
673,適する,てきする,,
674,回路,かいろ,,
675,急速,きゅうそく,,
676,書き換える,かきかえる,,
677,バッファオーバーフロー,ばっふぁおーばーふろー,,
678,回避する,かいひする,,
679,階層,かいそう,,
680,促す,うながす,,
681,所有する,しょゆうする,,
682,近年,きんねん,,
683,出現する,しゅつげんする,,
684,用語,ようご,,
685,先頭,せんとう,,
686,中間,ちゅうかん,,
687,実践,じっせん,,
688,口座,こうざ,,
689,本文,ほんぶん,,
690,科目,かもく,,
691,コーディング,こーでぃんぐ,,
692,分類する,ぶんるいする,,
693,ボリューム,ぼりゅーむ,,
694,予想する,よそうする,,
695,頻度,ひんど,,
696,証明する,しょうめいする,,
697,提案する,ていあんする,,
698,絞る,しぼる,,
699,再現する,さいげんする,,
700,上部,じょうぶ,,
701,化,か,,
702,廃止する,はいしする,,
703,描画する,びょうがする,,
704,ノイズ,のいず,,
705,投入する,とうにゅうする,,
706,オーバーする,おーばーする,,
707,原則,げんそく,,
708,過程,かてい,,
709,ハードディスク,はーどでぃすく,,
710,付与する,ふよする,,
711,現行,げんこう,,
712,判定する,はんていする,,
713,クロック,くろっく,,
714,拠点,きょてん,,
715,コンセプト,こんせぷと,,
716,論文,ろんぶん,,
717,コンテナ,こんてな,,
718,ラベル,らべる,,
719,頻繁,ひんぱん,,
720,維持,いじ,,
721,通貨,つうか,,
722,介す,かいす,,
723,パラメータ,ぱらめーた,,
724,レスポンス,れすぽんす,,
725,執行,しっこう,,
726,使い勝手,つかいがって,,
727,強力,きょうりょく,,
728,低下する,ていかする,,
729,リファレンス,りふぁれんす,,
730,沿う,そう,,
731,確立する,かくりつする,,
732,進行,しんこう,,
733,回転する,かいてんする,,
734,間隔,かんかく,,
735,進捗,しんちょく,,
736,設ける,もうける,,
737,音源,おんげん,,
738,エディション,えでぃしょん,,
739,アクティブ,あくてぃぶ,,
740,独立する,どくりつする,,
741,アプローチ,あぷろーち,,
742,講義,こうぎ,,
743,計測する,けいそくする,,
744,アンテナ,あんてな,,
745,学習する,がくしゅうする,,
746,再起動,さいきどう,,
747,ターミナル,たーみなる,,
748,創造,そうぞう,,
749,ショートカット,しょーとかっと,,
750,対処する,たいしょする,,
751,整理する,せいりする,,
752,多様,たよう,,
753,読み取る,よみとる,,
754,フィルタ,ふぃるた,,
755,プロファイル,ぷろふぁいる,,
756,事態,じたい,,
757,端子,たんし,,
758,匿名,とくめい,,
759,上限,じょうげん,,
760,同一,どういつ,,
761,記号,きごう,,
762,分かれる,わかれる,,
763,警告する,けいこくする,,
764,集計する,しゅうけいする,,
765,セグメント,せぐめんと,,
766,フォーラム,ふぉーらむ,,
767,設定ファイル,せっていふぁいる,,
768,措置,そち,,
769,実質,じっしつ,,
770,新機能,しんきのう,,
771,タップ,たっぷ,,
772,レンダリング,れんだりんぐ,,
773,予測する,よそくする,,
774,プログラマ,ぷろぐらま,,
775,関係する,かんけいする,,
776,静的,せいてき,,
777,フロー,ふろー,,
778,従う,したがう,,
779,観点,かんてん,,
780,ユニーク,ゆにーく,,
781,移植する,いしょくする,,
782,宣言する,せんげんする,,
783,第三者,だいさんしゃ,,
784,プロダクト,ぷろだくと,,
785,固有,こゆう,,
786,ストリーム,すとりーむ,,
787,検索エンジン,けんさくえんじん,,
788,フラッシュ,ふらっしゅ,,
789,トップページ,とっぷぺーじ,,
790,高速化,こうそくか,,
791,クエリ,くえり,,
792,冒頭,ぼうとう,,
793,マイクロ秒,まいくろびょう,,
794,補正する,ほせいする,,
795,連続する,れんぞくする,,
796,単なる,たんなる,,
797,影響する,えいきょうする,,
798,遅延する,ちえんする,,
799,指標,しひょう,,
800,可視,かし,,
801,シミュレーション,しみゅれーしょん,,
802,ファイアウォール,ふぁいあうぉーる,,
803,研究する,けんきゅうする,,
804,自動生成,じどうせいせい,,
805,スムーズ,すむーず,,
806,指摘,してき,,
807,周波数,しゅうはすう,,
808,音質,おんしつ,,
809,ファイルシステム,ふぁいるしすてむ,,
810,ゾーン,ぞーん,,
811,アダプタ,あだぷた,,
812,発展する,はってんする,,
813,記す,しるす,,
814,エージェント,えーじぇんと,,
815,試みる,こころみる,,
816,一斉,いっせい,,
817,基板,きばん,,
818,スクロールする,すくろーるする,,
819,促進する,そくしんする,,
820,調達,ちょうたつ,,
821,記入する,きにゅうする,,
822,トランザクション,とらんざくしょん,,
823,感染,かんせん,,
824,工夫する,くふうする,,
825,負う,おう,,
826,インタフェース,いんたふぇーす,,
827,経路,けいろ,,
828,重複する,ちょうふくする,,
829,達する,たっする,,
830,署名する,しょめいする,,
831,やり取りする,やりとりする,,
832,スライドする,すらいどする,,
833,素早い,すばやい,,
834,識別する,しきべつする,,
835,損失,そんしつ,,
836,ダウンする,だうんする,,
837,分離する,ぶんりする,,
838,サード,さーど,,
839,移す,うつす,,
840,優先する,ゆうせんする,,
841,クリップ,くりっぷ,,
842,最小限,さいしょうげん,,
843,リセット,りせっと,,
844,系列,けいれつ,,
845,一連,いちれん,,
846,画面上,がめんじょう,,
847,主流,しゅりゅう,,
848,都道府県,とどうふけん,,
849,復元する,ふくげんする,,
850,フォーカス,ふぉーかす,,
851,マネージャ,まねーじゃ,,
852,引数,ひきすう,,
853,オフライン,おふらいん,,
854,カーソル,かーそる,,
855,測定する,そくていする,,
856,規則,きそく,,
857,デュアル,でゅある,,
858,複製する,ふくせいする,,
859,仮想化,かそうか,,
860,台数,だいすう,,
861,差分,さぶん,,
862,著作,ちょさく,,
863,ドライバ,どらいば,,
864,同意する,どういする,,
865,ビジョン,びじょん,,
866,対話,たいわ,,
867,後継,こうけい,,
868,解釈する,かいしゃくする,,
869,発注,はっちゅう,,
870,ソケット,そけっと,,
871,フィードバックする,ふぃーどばっくする,,
872,並列,へいれつ,,
873,駆使する,くしする,,
874,最低限,さいていげん,,
875,シリアルポート,しりあるぽーと,,
876,区別する,くべつする,,
877,入れ替える,いれかえる,,
878,準拠する,じゅんきょする,,
879,非公開,ひこうかい,,
880,シェルスクリプト,しぇるすくりぷと,,
881,録音する,ろくおんする,,
882,プレゼンテーション,ぷれぜんてーしょん,,
883,マウント,まうんと,,
884,横断,おうだん,,
885,書式,しょしき,,
886,意図する,いとする,,
887,画素,がしゅう,,
888,取り入れる,とりいれる,,
889,派生する,はせいする,,
890,比率,ひりつ,,
891,視聴する,しちょうする,,
892,有無,うむ,,
893,承認,しょうにん,,
894,電子メールアドレス,でんしめーるあどれす,,
895,初代,しょだい,,
896,双方,そうほう,,
897,縮小する,しゅくしょうする,,
898,意図,いと,,
899,進歩,しんぽ,,
900,ヘッダ,へっだ,,
901,実行時,じっこうじ,,
902,小規模,しょうきぼ,,
903,圧縮する,あっしゅくする,,
904,商標,しょうひょう,,
905,整備する,せいびする,,
906,望ましい,のぞましい,,
907,実行環境,じっこうかんきょう,,
908,地点,ちてん,,
909,禁じる,きんじる,,
910,アンインストール,あんいんすとーる,,
911,リード,りーど,,
912,防止,ぼうし,,
913,別々,べつべつ,,
914,情報システム,じょうほうしすてむ,,
915,保有する,ほゆうする,,
916,右側,みぎがわ,,
917,検知する,けんちする,,
918,ハッシュ関数,はっしゅかんすう,,
919,発揮する,はっきする,,
920,誕生する,たんじょうする,,
921,抵抗,ていこう,,
922,削減,さくげん,,
923,区間,くかん,,
924,単独,たんどく,,
925,弱点,じゃくてん,,
926,スケール,すけーる,,
927,可用性,かようせい,,
928,後者,こうしゃ,,
929,期待する,きたいする,,
930,プリンタ,ぷりんた,,
931,着信,ちゃくしん,,
932,性質,せいしつ,,
933,実態,じったい,,
934,エディタ,えでぃた,,
935,活発,かっぱつ,,
936,ガイドライン,がいどらいん,,
937,経緯,けいい,,
938,常時,じょうじ,,
939,ヘルプ,へるぷ,,
940,自前,じまえ,,
941,プレビュー,ぷれびゅー,,
942,ロジック,ろじっく,,
943,財産,ざいさん,,
944,抽象,ちゅうしょう,,
945,帯域,たいいき,,
946,侵害,しんがい,,
947,座標,ざひょう,,
948,呼びかける,よびかける,,
949,収める,おさめる,,
950,兼ねる,かねる,,
951,添付する,てんぷする,,
952,省略する,しょうりゃくする,,
953,無断,むだん,,
954,子会社,こがいしゃ,,
955,利便,りべん,,
956,高性能,こうせいのう,,
957,アスキー,あすきー,,
958,ミドルウェア,みどるうぇあ,,
959,営利,えいり,,
960,ワークフロー,わーくふろー,,
961,最短,さいたん,,
962,蓄積する,ちくせきする,,
963,入出力,にゅうしゅつりょく,,
964,マルウェア,まるうぇあ,,
965,送受信,そうじゅしん,,
966,保管,ほかん,,
967,スタック,すたっく,,
968,立ち上がる,たちあがる,,
969,先端,せんたん,,
970,改訂,かいてい,,
971,革新,かくしん,,
972,整う,ととのう,,
973,復旧,ふっきゅう,,
974,探索する,たんさくする,,
975,加わる,くわわる,,
976,ファースト,ふぁーすと,,
977,記憶する,きおくする,,
978,水準,すいじゅん,,
979,付加する,ふかする,,
980,商業,しょうぎょう,,
981,移る,うつる,,
982,ステータス,すてーたす,,
983,プロトタイプ,ぷろとたいぷ,,
984,絵文字,えもじ,,
985,継承する,けいしょうする,,
986,知らせる,しらせる,,
987,スキャンする,すきゃんする,,
988,ベンチマーク,べんちまーく,,
989,混乱,こんらん,,
990,ロックする,ろっくする,,
991,公表する,こうひょうする,,
992,社名,しゃめい,,
993,総務,そうむ,,
994,達成する,たっせいする,,
995,試す,ためす,,
996,担う,になう,,
997,変動,へんどう,,
998,解放,かいほう,,
999,中止する,ちゅうしする,,
1000,原理,げんり,,
1001,先進,せんしん,,
1002,見出し,みだし,,
1003,混在する,こんざいする,,
1004,追加できる,ついかできる,,
1005,オンラインゲーム,おんらいんげーむ,,
1006,使いこなす,つかいこなす,,
1007,動向,どうこう,,
1008,貢献する,こうけんする,,
1009,優先度,ゆうせんど,,
1010,潜在,せんざい,,
1011,デバッグ,でばっぐ,,
1012,一環,いっかん,,
1013,属す,ぞくす,,
1014,ポップアップ,ぽっぷあっぷ,,
1015,構想,こうそう,,
1016,情報交換,じょうほうこうかん,,
1017,セットアップ,せっとあっぷ,,
1018,カラム,からむ,,
1019,提唱する,ていしょうする,,
1020,半角,はんかく,,
1021,悪用,あくよう,,
1022,衛星,えいせい,,
1023,懸念する,けねんする,,
1024,レーザー,れーざー,,
1025,連動する,れんどうする,,
1026,イノベーション,いのべーしょん,,
1027,短縮する,たんしゅくする,,
1028,トピック,とぴっく,,
1029,本書,ほんしょ,,
1030,公衆,こうしゅう,,
1031,定額,ていがく,,
1032,通過する,つうかする,,
1033,モニタ,もにた,,
1034,タイル,たいる,,
1035,入手できる,にゅうしゅできる,,
1036,言及,げんきゅう,,
1037,結合する,けつごうする,,
1038,有償,ゆうしょう,,
1039,ユーティリティ,ゆーてぃりてぃ,,
1040,開設する,かいせつする,,
1041,垂直,すいちょく,,
1042,読み取り専用,よみとりせんよう,,
1043,著名,ちょめい,,
1044,プッシュ,ぷっしゅ,,
1045,取り除く,とりのぞく,,
1046,推薦する,すいせんする,,
1047,相対,そうたい,,
1048,見直し,みなおし,,
1049,切り替わる,きりかわる,,
1050,順序,じゅんじょ,,
1051,再開する,さいかいする,,
1052,支障,ししょう,,
1053,執筆,しっぴつ,,
1054,見やすい,みやすい,,
1055,直感,ちょっかん,,
1056,組み立てる,くみたてる,,
1057,エンタープライズ,えんたーぷらいず,,
1058,レジストリ,れじすとり,,
1059,見なす,みなす,,
1060,多重,たじゅう,,
1061,ソート,そーと,,
1062,デザインする,でざいんする,,
1063,情報処理,じょうほうしょり,,
1064,動作環境,どうさかんきょう,,
1065,視する,しする,,
1066,ベーシック,べーしっく,,
1067,仕掛ける,しかける,,
1068,知的,ちてき,,
1069,視覚,しかく,,
1070,部署,ぶしょ,,
1071,複合,ふくごう,,
1072,未知数,みちすう,,
1073,数多い,かずおおい,,
1074,非同期,ひどうき,,
1075,即座,そくざ,,
1076,ベンチャー,べんちゃー,,
1077,中断する,ちゅうだんする,,
1078,インストーラ,いんすとーら,,
1079,引き上げる,ひきあげる,,
1080,観測,かんそく,,
1081,左側,ひだりがわ,,
1082,下位,かい,,
1083,推定する,すいていする,,
1084,下部,かぶ,,
1085,参入,さんにゅう,,
1086,合成する,ごうせいする,,
1087,盛り込む,もりこむ,,
1088,経過する,けいかする,,
1089,全文検索,ぜんぶんけんさく,,
1090,ユーザー名,ゆーざーめい,,
1091,気象,きしょう,,
1092,解凍する,かいとうする,,
1093,明示する,めいじする,,
1094,認可,にんか,,
1095,プロセッサ,ぷろせっさ,,
1096,通称,つうしょう,,
1097,不正アクセス,ふせいあくせす,,
1098,法的,ほうてき,,
1099,認定する,にんていする,,
1100,パブリック,ぱぶりっく,,
1101,学会,がっかい,,
1102,位置する,いちする,,
1103,貼り付ける,はりつける,,
1104,区切る,くぎる,,
1105,画像ファイル,がぞうふぁいる,,
1106,読み書きする,よみかきする,,
1107,バックグラウンド,ばっくぐらうんど,,
1108,消去する,しょうきょする,,
1109,競合する,きょうごうする,,
1110,電話機,でんわき,,
1111,前者,ぜんしゃ,,
1112,タッチパネル,たっちぱねる,,
1113,バックエンド,ばっくえんど,,
1114,省く,はぶく,,
1115,単価,たんか,,
1116,振興,しんこう,,
1117,カウントする,かうんとする,,
1118,指向,しこう,,
1119,マッピング,まっぴんぐ,,
1120,コンサルティング,こんさるてぃんぐ,,
1121,エントリ,えんとり,,
1122,コンパイラ,こんぱいら,,
1123,膨大,ぼうだい,,
1124,排除する,はいじょする,,
1125,事象,じしょう,,
1126,コネクタ,こねくた,,
1127,踏まえる,ふまえる,,
1128,リサーチ,りさーち,,
1129,バンドル,ばんどる,,
1130,接触する,せっしょくする,,
1131,有用,ゆうよう,,
1132,併用する,へいようする,,
1133,加速する,かそくする,,
1134,媒体,ばいたい,,
1135,曲線,きょくせん,,
1136,情報技術,じょうほうぎじゅつ,,
1137,遺伝子,いでんし,,
1138,自作,じさく,,
1139,改ざん,かいざん,,
1140,フロントエンド,ふろんとえんど,,
1141,マイコン,まいこん,,
1142,タイマー,たいまー,,
1143,クラッシュ,くらっしゅ,,
1144,考案する,こうあんする,,
1145,水平,すいへい,,
1146,いかなる,いかなる,,
1147,擬似,ぎじ,,
1148,プライバシー,ぷらいばしー,,
1149,有力,ゆうりょく,,
1150,秒間,びょうかん,,
1151,体系,たいけい,,
1152,末尾,まつび,,
1153,物体,ぶったい,,
1154,スパム,すぱむ,,
1155,プロモーション,ぷろもーしょん,,
1156,軽減する,けいげんする,,
1157,ベータ版,べーたばん,,
1158,バーチャル,ばーちゃる,,
1159,定数,ていすう,,
1160,仕込む,しこむ,,
1161,当該,とうがい,,
1162,選定する,せんていする,,
1163,多用する,たようする,,
1164,同名,どうめい,,
1165,レイヤ,れいや,,
1166,中継する,ちゅうけいする,,
1167,ズーム,ずーむ,,
1168,関連情報,かんれんじょうほう,,
1169,遷移する,せんいする,,
1170,ルーティング,るーてぃんぐ,,
1171,当面,とうめん,,
1172,推測する,すいそくする,,
1173,左上,ひだりうえ,,
1174,画像データ,がぞうでーた,,
1175,上昇する,じょうしょうする,,
1176,図形,ずけい,,
1177,見解,けんかい,,
1178,振る舞う,ふるまう,,
1179,集約する,しゅうやくする,,
1180,直結する,ちょっけつする,,
1181,マザーボード,まざーぼーど,,
1182,ドロップする,どろっぷする,,
1183,模索する,もさくする,,
1184,上書きする,うわがきする,,
1185,ファームウェア,ふぁーむうぇあ,,
1186,処理速度,しょりそくど,,
1187,ハッカー,はっかー,,
1188,マスタ,ますた,,
1189,追跡する,ついせきする,,
1190,厳密,げんみつ,,
1191,少数,しょうすう,,
1192,分解する,ぶんかいする,,
1193,連結する,れんけつする,,
1194,直近,ちょっきん,,
1195,空白,くうはく,,
1196,コラボレーション,こらぼれーしょん,,
1197,実行ファイル,じっこうふぁいる,,
1198,公開鍵,こうかいかぎ,,
1199,実務,じつむ,,
1200,算出する,さんしゅつする,,
1201,パレット,ぱれっと,,
1202,コマンドライン,こまんどらいん,,
1203,ビジュアル,びじゅある,,
1204,ヒットする,ひっとする,,
1205,発音する,はつおんする,,
1206,補完する,ほかんする,,
1207,シャット,しゃっと,,
1208,アプレット,あぷれっと,,
1209,遮断する,しゃだんする,,
1210,不足する,ふそくする,,
1211,改修する,かいしゅうする,,
1212,防止する,ぼうしする,,
1213,主力,しゅりょく,,
1214,両者,りょうしゃ,,
1215,トークン,とーくん,,
1216,半導体,はんどうたい,,
1217,添付ファイル,てんぷふぁいる,,
1218,前面,ぜんめん,,
1219,職務,しょくむ,,
1220,整数,せいすう,,
1221,典型,てんけい,,
1222,メールマガジン,めーるまがじん,,
1223,隣接する,りんせつする,,
1224,エッジ,えっじ,,
1225,見込み,みこみ,,
1226,コンピューティング,こんぴゅーてぃんぐ,,
1227,人員,じんいん,,
1228,表明する,ひょうめいする,,
1229,監査,かんさ,,
1230,共用する,きょうようする,,
1231,シンボル,しんぼる,,
1232,外観,がいかん,,
1233,停電,ていでん,,
1234,ハッシュタグ,はっしゅたぐ,,
1235,無関係,むかんけい,,
1236,ネットワーク機器,ねっとわーくきき,,
1237,除去する,じょきょする,,
1238,携帯端末,けいたいたんまつ,,
1239,使い分ける,つかいわける,,
1240,ポインタ,ぽいんた,,
1241,備わる,そなわる,,
1242,スモール,すもーる,,
1243,包括,ほうかつ,,
1244,プロバイダ,ぷろばいだ,,
1245,データ分析,でーたぶんせき,,
1246,地理,ちり,,
1247,分散する,ぶんさんする,,
1248,無視する,むしする,,
1249,加速度,かそくど,,
1250,アルファベット,あるふぁべっと,,
1251,電圧,でんあつ,,
1252,流用する,りゅうようする,,
1253,類似する,るいじする,,
1254,氏名,しめい,,
1255,財団,ざいだん,,
1256,差し込む,さしこむ,,
1257,デベロッパー,でべろっぱー,,
1258,電卓,でんたく,,
1259,スコープ,すこーぷ,,
1260,作り出す,つくりだす,,
1261,符号,ふごう,,
1262,短期間,たんきかん,,
1263,拡張性,かくちょうせい,,
1264,メインフレーム,めいんふれーむ,,
1265,メタデータ,めたでーた,,
1266,発明する,はつめいする,,
1267,セクション,せくしょん,,
1268,追記する,ついきする,,
1269,移転,いてん,,
1270,透過する,とうかする,,
1271,ブリッジ,ぶりっじ,,
1272,小文字,こもじ,,
1273,配下,はいか,,
1274,関連付ける,かんれんづける,,
1275,多機能,たきのう,,
1276,実体,じったい,,
1277,ダブルクリック,だぶるくりっく,,
1278,プラグ,ぷらぐ,,
1279,インタラクティブ,いんたらくてぃぶ,,
1280,供給,きょうきゅう,,
1281,不十分,ふじゅうぶん,,
1282,グリッド,ぐりっど,,
1283,デメリット,でめりっと,,
1284,定型,ていけい,,
1285,改行する,かいぎょうする,,
1286,不可欠,ふかけつ,,
1287,プロキシサーバ,ぷろきしさーば,,
1288,国土,こくど,,
1289,要約する,ようやくする,,
1290,マルチメディア,まるちめでぃあ,,
1291,配慮する,はいりょする,,
1292,即時,そくじ,,
1293,修復する,しゅうふくする,,
1294,量子,りょうし,,
1295,フェーズ,ふぇーず,,
1296,英単語,えいたんご,,
1297,直線,ちょくせん,,
1298,大文字,おおもじ,,
1299,永続,えいぞく,,
1300,合計する,ごうけいする,,
1301,軌道,きどう,,
1302,開示,かいじ,,
1303,改変する,かいへんする,,
1304,オンラインストレージ,おんらいんすとれーじ,,
1305,プロフェッショナル,ぷろふぇっしょなる,,
1306,機械学習,きかいがくしゅう,,
1307,差異,さい,,
1308,ファイル共有,ふぁいるきょうゆう,,
1309,試作する,しさくする,,
1310,補う,おぎなう,,
1311,ツールバー,つーるばー,,
1312,バイナリ,ばいなり,,
1313,中核,ちゅうかく,,
1314,投稿する,とうこうする,,
1315,新設,しんせつ,,
1316,標的,ひょうてき,,
1317,光学,こうがく,,
1318,誘導,ゆうどう,,
1319,注力する,ちゅうりょくする,,
1320,テキストファイル,てきすとふぁいる,,
1321,適合する,てきごうする,,
1322,切り出す,きりだす,,
1323,習得する,しゅうとくする,,
1324,脆弱,ぜいじゃく,,
1325,適応する,てきおうする,,
1326,配線,はいせん,,
1327,保留,ほりゅう,,
1328,静止,せいし,,
1329,帳票,ちょうひょう,,
1330,衝突する,しょうとつする,,
1331,低速,ていそく,,
1332,ファイルサイズ,ふぁいるさいず,,
1333,示唆する,しさする,,
1334,職種,しょくしゅ,,
1335,製作する,せいさくする,,
1336,一種,いっしゅ,,
1337,簡潔,かんけつ,,
1338,電子マネー,でんしまねー,,
1339,コントラスト,こんとらすと,,
1340,手作業,てさぎょう,,
1341,統制,とうせい,,
1342,スペシャリスト,すぺしゃりすと,,
1343,後方,こうほう,,
1344,レビューする,れびゅーする,,
1345,強調,きょうちょう,,
1346,クリエイティブ,くりえいてぃぶ,,
1347,精通する,せいつうする,,
1348,ポータルサイト,ぽーたるさいと,,
1349,接点,せってん,,
1350,非表示,ひひょうじ,,
1351,前述,ぜんじゅつ,,
1352,判別する,はんべつする,,
1353,頻発する,ひんぱつする,,
1354,管理業務,かんりぎょうむ,,
1355,最上位,さいじょうい,,
1356,表記する,ひょうきする,,
1357,策定する,さくていする,,
1358,学術,がくじゅつ,,
1359,ブート,ぶーと,,
1360,データ構造,でーたこうぞう,,
1361,最長,さいちょう,,
1362,累積,るいせき,,
1363,ダッシュボード,だっしゅぼーど,,
1364,マルチタッチ,まるちたっち,,
1365,個数,こすう,,
1366,たどる,たどる,,
1367,データ通信,でーたつうしん,,
1368,昨今,さっこん,,
1369,マッチング,まっちんぐ,,
1370,少額,しょうがく,,
1371,カンマ,かんま,,
1372,度合い,どあい,,
1373,最大限,さいだいげん,,
1374,著しい,いちじるしい,,
1375,ワークステーション,わーくすてーしょん,,
1376,動機,どうき,,
1377,数式,すうしき,,
1378,スキャナ,すきゃな,,
1379,バーコード,ばーこーど,,
1380,非公式,ひこうしき,,
1381,ブランチ,ぶらんち,,
1382,スキップする,すきっぷする,,
1383,管理ツール,かんりつーる,,
1384,開放する,かいほうする,,
1385,サーチ,さーち,,
1386,文字化け,もじばけ,,
1387,明細,めいさい,,
1388,一式,いっしき,,
1389,コミットする,こみっとする,,
1390,文字数,もじすう,,
1391,作動する,さどうする,,
1392,除外する,じょがいする,,
1393,消滅する,しょうめつする,,
1394,ニュースフィード,にゅーすふぃーど,,
1395,納品する,のうひんする,,
1396,エフェクト,えふぇくと,,
1397,リーク,りーく,,
1398,市町村,しちょうそん,,
1399,基幹,きかん,,
1400,請け負う,うけおう,,
1401,売却,ばいきゃく,,
1402,名詞,めいし,,
1403,有する,ゆうする,,
1404,高解像度,こうかいぞうど,,
1405,分布,ぶんぷ,,
1406,チェックボックス,ちぇっくぼっくす,,
1407,認証局,にんしょうきょく,,
1408,ハッキング,はっきんぐ,,
1409,デスクトップ環境,ですくとっぷかんきょう,,
1410,踏み台,ふみだい,,
1411,モデム,もでむ,,
1412,モデリング,もでりんぐ,,
1413,ゲームソフト,げーむそふと,,
1414,形成する,けいせいする,,
1415,正規表現,せいきひょうげん,,
1416,言及する,げんきゅうする,,
1417,インターネット接続,いんたーねっとせつぞく,,
1418,グループウェア,ぐるーぷうぇあ,,
1419,既知,きち,,
1420,以後,いご,,
1421,試用,しよう,,
1422,カンファレンス,かんふぁれんす,,
1423,後述,こうじゅつ,,
1424,忠実,ちゅうじつ,,
1425,バックドア,ばっくどあ,,
1426,及ぼす,およぼす,,
1427,縦横,じゅうおう,,
1428,打ち切る,うちきる,,
1429,ファイル形式,ふぁいるけいしき,,
1430,役職,やくしょく,,
1431,平面,へいめん,,
1432,仮定する,かていする,,
1433,挿す,さす,,
1434,妥当,だとう,,
1435,伝送,でんそう,,
1436,テラバイト,てらばいと,,
1437,調節する,ちょうせつする,,
1438,バリュー,ばりゅー,,
1439,光学ドライブ,こうがくどらいぶ,,
1440,システムエンジニア,しすてむえんじにあ,,
1441,残高,ざんだか,,
1442,完結する,かんけつする,,
1443,矢印キー,やじるしきー,,
1444,由来する,ゆらいする,,
1445,オペレーション,おぺれーしょん,,
1446,コマンドプロンプト,こまんどぷろんぷと,,
1447,ハイエンド,はいえんど,,
1448,辞典,じてん,,
1449,旧バージョン,きゅうばーじょん,,
1450,処理能力,しょりのうりょく,,
1451,分岐する,ぶんきする,,
1452,制定する,せいていする,,
1453,有限,ゆうげん,,
1454,ポータブル,ぽーたぶる,,
1455,スナップショット,すなっぷしょっと,,
1456,構文,こうぶん,,
1457,破棄する,はきする,,
1458,打ち込む,うちこむ,,
1459,差し替える,さしかえる,,
1460,円滑,えんかつ,,
1461,漏洩する,ろうえいする,,
1462,画期的,かっきてき,,
1463,低コスト,ていこすと,,
1464,バッテリ,ばってり,,
1465,ふさわしい,ふさわしい,,
1466,オブジェクト指向,おぶじぇくとしこう,,
1467,起因する,きいんする,,
1468,チュートリアル,ちゅーとりある,,
1469,撮影,さつえい,,
1470,獲得できる,かくとくできる,,
1471,絞り込む,しぼりこむ,,
1472,マーカー,まーかー,,
1473,あり方,ありかた,,
1474,トリガー,とりがー,,
1475,書き出す,かきだす,,
1476,傘下,さんか,,
1477,読み上げる,よみあげる,,
1478,リニア,りにあ,,
1479,従事,じゅうじ,,
1480,冗長,じょうちょう,,
1481,コントロールパネル,こんとろーるぱねる,,
1482,偽装する,ぎそうする,,
1483,読み出す,よみだす,,
1484,輝度,きど,,
1485,増設,ぞうせつ,,
1486,赤外線,せきがいせん,,
1487,できあがる,できあがる,,
1488,施策,しさく,,
1489,工学,こうがく,,
1490,節約,せつやく,,
1491,変形,へんけい,,
1492,ファミコン,ふぁみこん,,
1493,基幹システム,きかんしすてむ,,
1494,工数,こうすう,,
1495,相関,そうかん,,
1496,提携,ていけい,,
1497,画面サイズ,がめんさいず,,
1498,低消費電力,ていしょうひでんりょく,,
1499,周期,しゅうき,,
1500,インテリジェンス,いんてりじぇんす,,
1501,コンテキスト,こんてきすと,,
1502,取り扱う,とりあつかう,,
1503,宛先,あてさき,,
1504,着目する,ちゃくもくする,,
1505,エラーメッセージ,えらーめっせーじ,,
1506,究明,きゅうめい,,
1507,損なう,そこなう,,
1508,倍増する,ばいぞうする,,
1509,煩雑,はんざつ,,
1510,サイエンス,さいえんす,,
1511,格段,かくだん,,
1512,メーター,めーたー,,
1513,寄与,きよ,,
1514,一目,いちもく,,
1515,広範,こうはん,,
1516,多発する,たはつする,,
1517,廉価,れんか,,
1518,ハードウエア,はーどうえあ,,
1519,断片化,だんぺんか,,
1520,ポートフォリオ,ぽーとふぉりお,,
1521,ボトルネック,ぼとるねっく,,
1522,換算,かんさん,,
1523,空調,くうちょう,,
1524,コードネーム,こーどねーむ,,
1525,囲う,かこう,,
1526,経理,けいり,,
1527,レガシー,れがしー,,
1528,詰め込む,つめこむ,,
1529,本件,ほんけん,,
1530,リージョン,りーじょん,,
1531,破損する,はそんする,,
1532,エミュレータ,えみゅれーた,,
1533,運用管理,うんようかんり,,
1534,ユニバーサル,ゆにばーさる,,
1535,検索機能,けんさくきのう,,
1536,親会社,おやがいしゃ,,
1537,解読する,かいどくする,,
1538,緊密,きんみつ,,
1539,実機,じっき,,
1540,留まる,とどまる,,
1541,勧告,かんこく,,
1542,データマイニング,でーたまいにんぐ,,
1543,トラッキング,とらっきんぐ,,
1544,結び付ける,むすびつける,,
1545,明記する,めいきする,,
1546,シーク,しーく,,
1547,オペレーティングシステム,おぺれーてぃんぐしすてむ,,
1548,付け加える,つけくわえる,,
1549,コーデック,こーでっく,,
1550,適宜,てきぎ,,
1551,素子,そし,,
1552,スパイウェア,すぱいうぇあ,,
1553,出題する,しゅつだいする,,
1554,踏襲する,とうしゅうする,,
1555,配備する,はいびする,,
1556,データ解析,でーたかいせき,,
1557,ストラクチャ,すとらくちゃ,,
1558,ダイレクト,だいれくと,,
1559,ネットブック,ねっとぶっく,,
1560,送信者,そうしんしゃ,,
1561,カーナビ,かーなび,,
1562,キャッチする,きゃっちする,,
1563,強いる,しいる,,
1564,ヘルパー,へるぱー,,
1565,ダイナミック,だいなみっく,,
1566,列挙する,れっきょする,,
1567,モニタリング,もにたりんぐ,,
1568,電流,でんりゅう,,
1569,リスナー,りすなー,,
1570,ペーストする,ぺーすとする,,
1571,使用率,しようりつ,,
1572,マージ,まーじ,,
1573,保障,ほしょう,,
1574,日数,にっすう,,
1575,許諾,きょだく,,
1576,採択する,さいたくする,,
1577,並列処理,へいれつしょり,,
1578,半径,はんけい,,
1579,付随する,ふずいする,,
1580,計算機,けいさんき,,
1581,シーケンス,しーけんす,,
1582,探し出す,さがしだす,,
1583,スーパーコンピュータ,すーぱーこんぴゅーた,,
1584,さらなる,さらなる,,
1585,戻せる,もどせる,,
1586,シューティングゲーム,しゅーてぃんぐげーむ,,
1587,ニックネーム,にっくねーむ,,
1588,試行する,しこうする,,
1589,半数,はんすう,,
1590,購読する,こうどくする,,
1591,秘密鍵,ひみつかぎ,,
1592,密接,みっせつ,,
1593,切り離す,きりはなす,,
1594,適時,てきじ,,
1595,システム管理,しすてむかんり,,
1596,マルチプラットフォーム,まるちぷらっとふぉーむ,,
1597,勤怠,きんたい,,
1598,メールボックス,めーるぼっくす,,
1599,ログファイル,ろぐふぁいる,,
1600,英数字,えいすうじ,,
1601,アクセス制御,あくせすせいぎょ,,
1602,環境設定,かんきょうせってい,,
1603,頭文字,かしらもじ,,
1604,ユーザー情報,ゆーざーじょうほう,,
1605,常駐する,じょうちゅうする,,
1606,片面,かためん,,
1607,敷居,しきい,,
1608,変更可能,へんこうかのう,,
1609,実例,じつれい,,
1610,時代遅れ,じだいおくれ,,
1611,記法,きほう,,
1612,レプリケーション,れぷりけーしょん,,
1613,ワープロソフト,わーぷろそふと,,
1614,同種,どうしゅ,,
1615,不都合,ふつごう,,
1616,徴収する,ちょうしゅうする,,
1617,アクセスログ,あくせすろぐ,,
1618,受託,じゅたく,,
1619,ジェスチャー,じぇすちゃー,,
1620,青色,あおいろ,,
1621,稼動する,かどうする,,
1622,振り分ける,ふりわける,,
1623,設問,せつもん,,
1624,ゴシック,ごしっく,,
1625,搬送,はんそう,,
1626,サンプリングする,さんぷりんぐする,,
1627,新版,しんぱん,,
1628,受け取り,うけとり,,
1629,ランタイム,らんたいむ,,
1630,合致,がっち,,
1631,洗練する,せんれんする,,
1632,コンシューマ,こんしゅーま,,
1633,ネットワーク接続,ねっとわーくせつぞく,,
1634,エンジニアリング,えんじにありんぐ,,
1635,堅牢,けんろう,,
1636,ユーザーアカウント,ゆーざーあかうんと,,
1637,置換する,ちかんする,,
1638,全角,ぜんかく,,
1639,トレイ,とれい,,
1640,モノクロ,ものくろ,,
1641,単体テスト,たんたいてすと,,
1642,白黒,しろくろ,,
1643,原文,げんぶん,,
1644,内線,ないせん,,
1645,持続,じぞく,,
1646,抜き出す,ぬきだす,,
1647,フルスクリーン,ふるすくりーん,,
1648,連ねる,つらねる,,
1649,開発元,かいはつもと,,
1650,余分,よぶん,,
1651,受験する,じゅけんする,,
1652,流動,りゅうどう,,
1653,意味合い,いみあい,,
1654,略称,りゃくしょう,,
1655,理念,りねん,,
1656,リーチ,りーち,,
1657,リカバリ,りかばり,,
1658,仮称,かしょう,,
1659,関わり,かかわり,,
1660,持ち出す,もちだす,,
1661,循環,じゅんかん,,
1662,ライフサイクル,らいふさいくる,,
1663,強固,きょうこ,,
1664,技法,ぎほう,,
1665,送金,そうきん,,
1666,かざす,かざす,,
1667,テキストエディタ,てきすとえでぃた,,
1668,情報管理,じょうほうかんり,,
1669,出典,しゅってん,,
1670,全文,ぜんぶん,,
1671,テザリング,てざりんぐ,,
1672,開拓,かいたく,,
1673,ミリ秒,みりびょう,,
1674,双方向通信,そうほうこうつうしん,,
1675,大まか,おおまか,,
1676,フルサイズ,ふるさいず,,
1677,情報化,じょうほうか,,
1678,無制限,むせいげん,,
1679,収容,しゅうよう,,
1680,成熟する,せいじゅくする,,
1681,好ましい,このましい,,
1682,趣旨,しゅし,,
1683,波形,はけい,,
1684,軽快,けいかい,,
1685,ずらす,ずらす,,
1686,アクションゲーム,あくしょんげーむ,,
1687,対応版,たいおうばん,,
1688,文献,ぶんけん,,
1689,支出,ししゅつ,,
1690,ゲートウェイ,げーとうぇい,,
1691,インシデント,いんしでんと,,
1692,委託,いたく,,
1693,使い捨て,つかいすて,,
1694,ファイルサーバ,ふぁいるさーば,,
1695,出資する,しゅっしする,,
1696,スイッチング,すいっちんぐ,,
1697,調整できる,ちょうせいできる,,
1698,区域,くいき,,
1699,グラフィカル,ぐらふぃかる,,
1700,シームレス,しーむれす,,
1701,ダミー,だみー,,
1702,またがる,またがる,,
1703,バナー広告,ばなーこうこく,,
1704,起点,きてん,,
1705,受け入れ,うけいれ,,
1706,イーサネット,いーさねっと,,
1707,エキスパート,えきすぱーと,,
1708,講じる,こうじる,,
1709,下図,かず,,
1710,暫定,ざんてい,,
1711,メールソフト,めーるそふと,,
1712,多種,たしゅ,,
1713,スキーマ,すきーま,,
1714,認証情報,にんしょうじょうほう,,
1715,右端,みぎはし,,
1716,人工知能,じんこうちのう,,
1717,クラスタリング,くらすたりんぐ,,
1718,指針,ししん,,
1719,解約する,かいやくする,,
1720,読み方,よみかた,,
1721,精算,せいさん,,
1722,反する,はんする,,
1723,速やか,すみやか,,
1724,ブラックリスト,ぶらっくりすと,,
1725,重宝する,ちょうほうする,,
1726,オンボード,おんぼーど,,
1727,致命,ちめい,,
1728,深度,しんど,,
1729,人名,じんめい,,
1730,プロジェクト管理,ぷろじぇくとかんり,,
1731,表計算,ひょうけいさん,,
1732,宛てる,あてる,,
1733,機能強化,きのうきょうか,,
1734,混入する,こんにゅうする,,
1735,英字,えいじ,,
1736,インテグレーション,いんてぐれーしょん,,
1737,質疑,しつぎ,,
1738,アクセス可能,あくせすかのう,,
1739,合併,がっぺい,,
1740,枠組み,わくぐみ,,
1741,スタートアップ,すたーとあっぷ,,
1742,業務アプリケーション,ぎょうむあぷりけーしょん,,
1743,簡素,かんそ,,
1744,割り込み,わりこみ,,
1745,準じる,じゅんじる,,
1746,所要,しょよう,,
1747,割り振る,わりふる,,
1748,ためらう,ためらう,,
1749,オペレータ,おぺれーた,,
1750,またぐ,またぐ,,
1751,段落,だんらく,,
1752,コマース,こまーす,,
1753,ダンプ,だんぷ,,
1754,アウトプット,あうとぷっと,,
1755,満たせる,みたせる,,
1756,ハング,はんぐ,,
1757,両社,りょうしゃ,,
1758,高速通信,こうそくつうしん,,
1759,左下,ひだりした,,
1760,シミュレートする,しみゅれーとする,,
1761,所在地,しょざいち,,
1762,直接的,ちょくせつてき,,
1763,タスクバー,たすくばー,,
1764,目次,もくじ,,
1765,上述,じょうじゅつ,,
1766,分散処理,ぶんさんしょり,,
1767,アナウンス,あなうんす,,
1768,スタートボタン,すたーとぼたん,,
1769,スプレッドシート,すぷれっどしーと,,
1770,送出する,そうしゅつする,,
1771,土台,どだい,,
1772,波紋,はもん,,
1773,不透明,ふとうめい,,
1774,試用版,しようばん,,
1775,進展,しんてん,,
1776,可変,かへん,,
1777,精細,せいさい,,
1778,転載する,てんさいする,,
1779,見栄え,みばえ,,
1780,復号する,ふくごうする,,
1781,自律,じりつ,,
1782,課す,かす,,
1783,締結,ていけつ,,
1784,条項,じょうこう,,
1785,マルチタスク,まるちたすく,,
1786,刷新する,さっしんする,,
1787,インフォメーション,いんふぉめーしょん,,
1788,拡充する,かくじゅうする,,
1789,スループット,するーぷっと,,
1790,書き直す,かきなおす,,
1791,加算する,かさんする,,
1792,反転する,はんてんする,,
1793,セクタ,せくた,,
1794,直下,ちょっか,,
1795,スワイプ,すわいぷ,,
1796,矛盾する,むじゅんする,,
1797,来訪,らいほう,,
1798,低減する,ていげんする,,
1799,メールサーバ,めーるさーば,,
1800,スタディ,すたでぃ,,
1801,挙げられる,あげられる,,
1802,メッセージング,めっせーじんぐ,,
1803,内訳,うちわけ,,
1804,テスター,てすたー,,
1805,手順書,てじゅんしょ,,
1806,背景画像,はいけいがぞう,,
1807,不備,ふび,,
1808,可否,かひ,,
1809,データセット,でーたせっと,,
1810,ディスカッション,でぃすかっしょん,,
1811,多岐,たき,,
1812,不適切,ふてきせつ,,
1813,スタンドアロン,すたんどあろん,,
1814,一意,いちい,,
1815,増収,ぞうしゅう,,
1816,緯度,いど,,
1817,難読,なんどく,,
1818,厳格,げんかく,,
1819,点滅する,てんめつする,,
1820,エレクトロニクス,えれくとろにくす,,
1821,フッター,ふったー,,
1822,正解する,せいかいする,,
1823,シンクライアント,しんくらいあんと,,
1824,進出する,しんしゅつする,,
1825,実効,じっこう,,
1826,書面,しょめん,,
1827,消失する,しょうしつする,,
1828,ロケーション,ろけーしょん,,
1829,液晶ディスプレイ,えきしょうでぃすぷれい,,
1830,文字通り,もじどおり,,
1831,激化,げきか,,
1832,マルチコア,まるちこあ,,
1833,引き抜く,ひきぬく,,
1834,ユビキタス,ゆびきたす,,
1835,傍受する,ぼうじゅする,,
1836,識別子,しきべつし,,
1837,マウスカーソル,まうすかーそる,,
1838,助言,じょげん,,
1839,詳細設計,しょうさいせっけい,,
1840,真似る,まねる,,
1841,地形,ちけい,,
1842,なりすます,なりすます,,
1843,プロンプト,ぷろんぷと,,
1844,各自,かくじ,,
1845,増益,ぞうえき,,
1846,長所,ちょうしょ,,
1847,四つ,よっつ,,
1848,増大,ぞうだい,,
1849,不完全,ふかんぜん,,
1850,悩ます,なやます,,
1851,変革,へんかく,,
1852,大小,だいしょう,,
1853,ネスト,ねすと,,
1854,アクセス権限,あくせすけんげん,,
1855,役立てる,やくだてる,,
1856,有志,ゆうし,,
1857,基本ソフト,きほんそふと,,
1858,所定,しょてい,,
1859,件名,けんめい,,
1860,途上,とじょう,,
1861,稼働中,かどうちゅう,,
1862,スキーム,すきーむ,,
1863,造語,ぞうご,,
1864,テキストボックス,てきすとぼっくす,,
1865,経度,けいど,,
1866,軽視,けいし,,
1867,閉鎖する,へいさする,,
1868,推移,すいい,,
1869,語句,ごく,,
1870,関与する,かんよする,,
1871,送付,そうふ,,
1872,テクスチャ,てくすちゃ,,
1873,協調する,きょうちょうする,,
1874,注釈,ちゅうしゃく,,
1875,集積する,しゅうせきする,,
1876,簡略,かんりゃく,,
1877,情報源,じょうほうげん,,
1878,ホスティングサービス,ほすてぃんぐさーびす,,
1879,盛ん,さかん,,
1880,文言,もんごん,,
1881,百科,ひゃっか,,
1882,見積もる,みつもる,,
1883,尺度,しゃくど,,
1884,カードスロット,かーどすろっと,,
1885,一貫する,いっかんする,,
1886,暗黙,あんもく,,
1887,リフレッシュ,りふれっしゅ,,
1888,テクノ,てくの,,
1889,悪影響,あくえいきょう,,
1890,最良,さいりょう,,
1891,使い慣れる,つかいなれる,,
1892,並べ替え,ならべかえ,,
1893,無数,むすう,,
1894,最少,さいしょう,,
1895,客観,きゃっかん,,
1896,ミッションクリティカル,みっしょんくりてぃかる,,
1897,呈す,ていす,,
1898,トレース,とれーす,,
1899,データウェアハウス,でーたうぇあはうす,,
1900,取り消す,とりけす,,
1901,均等,きんとう,,
1902,照合する,しょうごうする,,
1903,プリインストール,ぷりいんすとーる,,
1904,リリースノート,りりーすのーと,,
1905,模する,もする,,
1906,ローエンド,ろーえんど,,
1907,巡回,じゅんかい,,
1908,現像,げんしょう,,
1909,情報発信,じょうほうはっしん,,
1910,オーバーレイ,おーばーれい,,
1911,多言,たげん,,
1912,修正プログラム,しゅうせいぷろぐらむ,,
1913,地名,ちめい,,
1914,リレーショナルデータベース,りれーしょなるでーたべーす,,
1915,輪郭,りんかく,,
1916,ブロードバンド,ぶろーどばんど,,
1917,安易,あんい,,
1918,過度,かど,,
1919,入手可能,にゅうしゅかのう,,
1920,通信量,つうしんりょう,,
1921,配属する,はいぞくする,,
1922,通信事業者,つうしんじぎょうしゃ,,
1923,抑制,よくせい,,
1924,包含する,ほうがんする,,
1925,ウェブブラウザ,うぇぶぶらうざ,,
1926,テンキー,てんきー,,
1927,現在地,げんざいち,,
1928,欠如,けつじょ,,
1929,切断する,せつだんする,,
1930,先読み,さきよみ,,
1931,称する,しょうする,,
1932,スペル,すぺる,,
1933,トランジスタ,とらんじすた,,
1934,パース,ぱーす,,
1935,広範囲,こうはんい,,
1936,メガバイト,めがばいと,,
1937,奨励する,しょうれいする,,
1938,進め方,すすめかた,,
1939,各々,おのおの,,
1940,スタティック,すたてぃっく,,
1941,ヘルプデスク,へるぷですく,,
1942,投影する,とうえいする,,
1943,多大,ただい,,
1944,予期する,よきする,,
1945,局面,きょくめん,,
1946,位置づけ,いちづけ,,
1947,情報科学,じょうほうかがく,,
1948,スピーディー,すぴーでぃー,,
1949,キラー,きらー,,
1950,慣習,かんしゅう,,
1951,バッチファイル,ばっちふぁいる,,
1952,補足,ほそく,,
1953,メカニズム,めかにずむ,,
1954,ワークスペース,わーくすぺーす,,
1955,ヒープ,ひーぷ,,
1956,シールド,しーるど,,
1957,モーション,もーしょん,,
1958,シンポジウム,しんぽじうむ,,
1959,ディレクトリー,でぃれくとりー,,
1960,音声合成,おんせいごうせい,,
1961,追加機能,ついかきのう,,
1962,システム設計,しすてむせっけい,,
1963,図面,ずめん,,
1964,ビットレート,びっとれーと,,
1965,ヘルス,へるす,,
1966,商取引,しょうとりひき,,
1967,エンドポイント,えんどぽいんと,,
1968,割愛,かつあい,,
1969,条件分岐,じょうけんぶんき,,
1970,給電,きゅうでん,,
1971,傾き,かたむき,,
1972,ファンクション,ふぁんくしょん,,
1973,補助する,ほじょする,,
1974,加盟する,かめいする,,
1975,取り出せる,とりだせる,,
1976,一元化する,いちげんかする,,
1977,出金,しゅっきん,,
1978,偽る,いつわる,,
1979,データファイル,でーたふぁいる,,
1980,干渉する,かんしょうする,,
1981,データ処理,でーたしょり,,
1982,スパムメール,すぱむめーる,,
1983,紛失,ふんしつ,,
1984,エレメント,えれめんと,,
1985,バンキング,ばんきんぐ,,
1986,メーラー,めーらー,,
1987,初歩,しょほ,,
1988,解除,かいじょ,,
1989,保存先,ほぞんさき,,
1990,対称,たいしょう,,
1991,アドイン,あどいん,,
1992,立案,りつあん,,
1993,障壁,しょうへき,,
1994,実行速度,じっこうそくど,,
1995,デバッガ,でばっが,,
1996,汎用機,はんようき,,
1997,ユーザー登録,ゆーざーとうろく,,
1998,再帰,さいき,,
1999,ギーク,ぎーく,,
2000,タッチパッド,たっちぱっど,,
2001,クローズド,くろーずど,,
2002,スライドショー,すらいどしょー,,
2003,台帳,だいちょう,,
2004,統合開発環境,とうごうかいはつかんきょう,,
2005,ディスク容量,でぃすくようりょう,,
2006,続行する,ぞっこうする,,
2007,終端,しゅうたん,,
2008,定点,ていてん,,
2009,サンドボックス,さんどぼっくす,,
2010,超過する,ちょうかする,,
2011,実証,じっしょう,,
2012,認知する,にんちする,,
2013,サブシステム,さぶしすてむ,,
2014,出版する,しゅっぱんする,,
2015,製品版,せいひんばん,,
2016,加味する,かみする,,
2017,後発,こうはつ,,
2018,仮想ドライブ,かそうどらいぶ,,
2019,寄与する,きよする,,
2020,周知,しゅうち,,
2021,発射する,はっしゃする,,
2022,合弁,ごうべん,,
2023,デバイスドライバ,でばいすどらいば,,
2024,専念する,せんねんする,,
2025,ユースケース,ゆーすけーす,,
2026,留意する,りゅういする,,
2027,階層構造,かいそうこうぞう,,
2028,バージョン管理システム,ばーじょんかんりしすてむ,,
2029,到達できる,とうたつできる,,
2030,異議,いぎ,,
2031,エンドツーエンド,えんどつーえんど,,
2032,呼称,こしょう,,
2033,総括,そうかつ,,
2034,トランスポート,とらんすぽーと,,
2035,ファイル転送,ふぁいるてんそう,,
2036,平文,ひらぶん,,
2037,痕跡,こんせき,,
2038,模倣する,もほうする,,
2039,妨げる,さまたげる,,
2040,結びつく,むすびつく,,
2041,割く,さく,,
2042,共有フォルダ,きょうゆうふぉるだ,,
2043,レジスタ,れじすた,,
2044,平均する,へいきんする,,
2045,暗証,あんしょう,,
2046,押下,おうか,,
2047,身の回り,みのまわり,,
2048,著書,ちょしょ,,
2049,電極,でんきょく,,
2050,テキストデータ,てきすとでーた,,
2051,転用する,てんようする,,
2052,受講する,じゅこうする,,
2053,視認,しにん,,
2054,関連製品,かんれんせいひん,,
2055,許容する,きょようする,,
2056,念頭,ねんとう,,
2057,売買,ばいばい,,
2058,公正,こうせい,,
2059,便宜,べんぎ,,
2060,コンデンサ,こんでんさ,,
2061,買い替える,かいかえる,,
2062,真偽,しんぎ,,
2063,フィル,ふぃる,,
2064,エスケープ,えすけーぷ,,
2065,ホワイトカラー,ほわいとからー,,
2066,固体,こたい,,
2067,排他,はいた,,
2068,ラジオボタン,らじおぼたん,,
2069,常駐,じょうちゅう,,
2070,プラズマ,ぷらずま,,
2071,入力データ,にゅうりょくでーた,,
2072,前身,ぜんしん,,
2073,縮める,ちじめる,,
2074,括る,くくる,,
2075,頒布,はんぷ,,
2076,フリーソフトウェア,ふりーそふとうぇあ,,
2077,長期間,ちょうきかん,,
2078,イントラネット,いんとらねっと,,
2079,リターン,りたーん,,
2080,書き手,かきて,,
2081,下請け,したうけ,,
2082,再設定,さいせってい,,
2083,上場,じょうじょう,,
2084,構成要素,こうせいようそ,,
2085,発火,はっか,,
2086,データ入力,でーたにゅうりょく,,
2087,ユーザー認証,ゆーざーにんしょう,,
2088,アイデンティティ,あいでんてぃてぃ,,
2089,リナックス,りなっくす,,
2090,フレームレート,ふれーむれーと,,
2091,区内,くない,,
2092,意気込む,いきごむ,,
2093,実演,じつえん,,
2094,推奨環境,すいしょうかんきょう,,
2095,メモリ容量,めもりようりょう,,
2096,引き渡す,ひきわたす,,
2097,抵触する,ていしょくする,,
2098,インプット,いんぷっと,,
2099,記帳,きちょう,,
2100,ツールキット,つーるきっと,,
2101,フリーウェア,ふりーうぇあ,,
2102,多次元,たじげん,,
2103,棄権,きけん,,
2104,進数,しんすう,,
2105,キャプション,きゃぷしょん,,
2106,疑わしい,うたがわしい,,
2107,コーポレート,こーぽれーと,,
2108,手始め,てはじめ,,
2109,タッチスクリーン,たっちすくりーん,,
2110,ワット,わっと,,
2111,仮名,かな,,
2112,通信キャリア,つうしんきゃりあ,,
2113,スケールアウト,すけーるあうと,,
2114,破綻,はたん,,
2115,シフトする,しふとする,,
2116,顕著,けんちょ,,
2117,分配する,ぶんぱいする,,
2118,プログラミングする,ぷろぐらみんぐする,,
2119,インデント,いんでんと,,
2120,リッピング,りっぴんぐ,,
2121,統計情報,とうけいじょうほう,,
2122,データ型,でーたがた,,
2123,応答時間,おうとうじかん,,
2124,挙がる,あがる,,
2125,総称,そうしょう,,
2126,仕様書,しようしょ,,
2127,洗い出す,あらいだす,,
2128,ファンクションキー,ふぁんくしょんきー,,
2129,隔週,かくしゅう,,
2130,点灯する,てんとうする,,
2131,匹敵する,ひってきする,,
2132,実名,じつめい,,
2133,フィックス,ふぃっくす,,
2134,思惑,しわく,,
2135,自動実行,じどうじっこう,,
2136,置き換わる,おきかわる,,
2137,原案,げんあん,,
2138,地理的,ちりてき,,
2139,カードリーダー,かーどりーだー,,
2140,日本語環境,にほんごかんきょう,,
2141,ずれ,ずれ,,
2142,電子ブック,でんしぶっく,,
2143,圧迫する,あっぱくする,,
2144,有効化,ゆうこうか,,
2145,オフショア開発,おふしょあかいはつ,,
2146,空き容量,あきようりょう,,
2147,商談,しょうだん,,
2148,テストケース,てすとけーす,,
2149,光ファイバー,ひかりふぁいばー,,
2150,据える,すえる,,
2151,滞る,とどこおる,,
2152,着手する,ちゃくしゅする,,
2153,マルチスレッド,まるちすれっど,,
2154,暗号化技術,あんごうかぎじゅつ,,
2155,実情,じつじょう,,
2156,記憶装置,きおくそうち,,
2157,振動する,しんどうする,,
2158,受け渡す,うけわたす,,
2159,アドバンテージ,あどばんてーじ,,
2160,三角形,さんかくけい,,
2161,言うまでもない,いうまでもない,,
2162,謳う,うたう,,
2163,要す,ようす,,
2164,ヒアリング,ひありんぐ,,
2165,アレイ,あれい,,
2166,事柄,ことがら,,
2167,インプレッション,いんぷれっしょん,,
2168,選び方,えらびかた,,
2169,サブクラス,さぶくらす,,
2170,協業,きょうぎょう,,
2171,月頃,つきごろ,,
2172,保存期間,ほぞんきかん,,
2173,中規模,ちゅうきぼ,,
2174,エンティティ,えんてぃてぃ,,
2175,正方形,せいほうけい,,
2176,一部分,いちぶぶん,,
2177,スレーブ,すれーぶ,,
2178,返答,へんとう,,
2179,シミュレータ,しみゅれーた,,
2180,直流,ちょくりゅう,,
2181,盗み出す,ぬすみだす,,
2182,バックボーン,ばっくぼーん,,
2183,入金する,にゅうきんする,,
2184,電源ユニット,でんげんゆにっと,,
2185,統括する,とうかつする,,
2186,貸し出す,かしだす,,
2187,外注,がいちゅう,,
2188,照会,しょうかい,,
2189,データベース管理者,でーたべーすかんりしゃ,,
2190,リテラル,りてらる,,
2191,通信システム,つうしんしすてむ,,
2192,マイニング,まいにんぐ,,
2193,節目,ふしめ,,
2194,あいまい,あいまい,,
2195,制御系,せいぎょけい,,
2196,楕円,だえん,,
2197,転送速度,てんそうそくど,,
2198,フロッピーディスク,ふろっぴーでぃすく,,
2199,契機,けいき,,
2200,専任,せんにん,,
2201,既定,きてい,,
2202,箇条,かじょう,,
2203,システム要件,しすてむようけん,,
2204,対価,たいか,,
2205,ドングル,どんぐる,,
2206,データ収集,でーたしゅうしゅう,,
2207,月例,げつれい,,
2208,シーケンシャル,しーけんしゃる,,
2209,修了,しゅうりょう,,
2210,厳重,げんじゅう,,
2211,併記する,へいきする,,
2212,ハンダ,はんだ,,
2213,抑止する,よくしする,,
2214,ブロードキャスト,ぶろーどきゃすと,,
2215,コンソーシアム,こんそーしあむ,,
2216,操縦,そうじゅう,,
2217,ジャイロ,じゃいろ,,
2218,対話型,たいわがた,,
2219,隠蔽する,いんぺいする,,
2220,通信機器,つうしんきき,,
2221,転出,てんしゅつ,,
2222,エミュレーション,えみゅれーしょん,,
2223,網羅する,もうらする,,
2224,演算子,えんざんし,,
2225,文中,ぶんちゅう,,
2226,条文,じょうぶん,,
2227,発信元,はっしんもと,,
2228,データモデル,でーたもでる,,
2229,ネットワーク構成,ねっとわーくこうせい,,
2230,羅列,られつ,,
2231,入力画面,にゅうりょくがめん,,
2232,交付,こうふ,,
2233,慣れ親しむ,なれしたしむ,,
2234,水平方向,すいへいほうこう,,
2235,冗長化,じょうちょうか,,
2236,罫線,けいせん,,
2237,リブート,りぶーと,,
2238,言い換える,いいかえる,,
2239,局所,きょくしょ,,
2240,領収,りょうしゅう,,
2241,スケーラビリティ,すけーらびりてぃ,,
2242,人力,じんりき,,
2243,左端,ひだりはし,,
2244,受注,じゅちゅう,,
2245,ペイン,ぺいん,,
2246,メンバ,めんば,,
2247,サジェスト,さじぇすと,,
2248,束ねる,たばねる,,
2249,仮想サーバ,かそうさーば,,
2250,ワーキング,わーきんぐ,,
2251,区画,くかく,,
2252,共存する,きょうぞんする,,
2253,ロールバック,ろーるばっく,,
2254,アウトライン,あうとらいん,,
2255,ターニングポイント,たーにんぐぽいんと,,
2256,遅らせる,おくらせる,,
2257,データ形式,でーたけいしき,,
2258,増分,ぞうぶん,,
2259,分散型,ぶんさんがた,,
2260,ソフトウェア製品,そふとうぇあせいひん,,
2261,連想,れんそう,,
2262,作法,さほう,,
2263,発案,はつあん,,
2264,旧式,きゅうしき,,
2265,スパコン,すぱこん,,
2266,メモリ領域,めもりりょういき,,
2267,一見,いっけん,,
2268,反復,はんぷく,,
2269,ハードディスクドライブ,はーどでぃすくどらいぶ,,
2270,索引,さくいん,,
2271,スクロールバー,すくろーるばー,,
2272,手がかり,てがかり,,
2273,則る,のっとる,,
2274,ギガバイト,ぎがばいと,,
2275,ブランク,ぶらんく,,
2276,特異,とくい,,
2277,リレーション,りれーしょん,,
2278,追い抜く,おいぬく,,
2279,通話,つうわ,,
2280,メカニカル,めかにかる,,
2281,ロガー,ろがー,,
2282,サウンドカード,さうんどかーど,,
2283,作製する,さくせいする,,
2284,ビットマップ,びっとまっぷ,,
2285,数理,すうり,,
2286,くらべる,くらべる,,
2287,目処,めど,,
2288,切り分ける,きりわける,,
2289,伝達,でんたつ,,
2290,測位,そくい,,
2291,ウェブアプリケーション,うぇぶあぷりけーしょん,,
2292,浮動小数点演算,ふどうしょうすうてんえんざん,,
2293,ロギング,ろぎんぐ,,
2294,関数型プログラミング,かんすうがたぷろぐらみんぐ,,
2295,公益,こうえき,,
2296,ヒートシンク,ひーとしんく,,
2297,書体,しょたい,,
2298,合わさる,あわさる,,
2299,世界規模,せかいきぼ,,
2300,プロビジョニング,ぷろびじょにんぐ,,
2301,ハイパーリンク,はいぱーりんく,,
2302,修飾,しゅうしょく,,
2303,培う,つちかう,,
2304,フォワード,ふぉわーど,,
2305,映し出す,うつしだす,,
2306,専攻,せんこう,,
2307,デジタル化,でじたるか,,
2308,創出,そうしゅつ,,
2309,難解,なんかい,,
2310,バルク,ばるく,,
2311,変量,へんりょう,,
2312,印字する,いんじする,,
2313,町村,ちょうそん,,
2314,免責,めんせき,,
2315,ばらつき,ばらつき,,
2316,アプリケーション層,あぷりけーしょんそう,,
2317,課程,かてい,,
2318,拡大縮小,かくだいしゅくしょう,,
2319,コンバータ,こんばーた,,
2320,私用,しよう,,
2321,都度,つど,,
2322,力学,りきがく,,
2323,書き留める,かきとめる,,
2324,様式,ようしき,,
2325,中途,ちゅうと,,
2326,増減する,ぞうげんする,,
2327,パーソナルコンピュータ,ぱーそなるこんぴゅーた,,
2328,根底,こんてい,,
2329,たやすい,たやすい,,
2330,図示する,ずしする,,
2331,退会,たいかい,,
2332,機械語,きかいご,,
2333,変遷する,へんせんする,,
2334,即す,そくす,,
2335,年次,ねんじ,,
2336,アサイン,あさいん,,
2337,難点,なんてん,,
2338,アセンブラ,あせんぶら,,
2339,サマリー,さまりー,,
2340,サイコロ,さいころ,,
2341,キャラクタ,きゃらくた,,
2342,発信者,はっしんしゃ,,
2343,反面,はんめん,,
2344,シビア,しびあ,,
2345,海賊版,かいぞくばん,,
2346,人脈,じんみゃく,,
2347,詳細設定,しょうさいせってい,,
2348,貧弱,ひんじゃく,,
2349,アルファ版,あるふぁばん,,
2350,年数,ねんすう,,
2351,括弧,かっこ,,
2352,主導,しゅどう,,
2353,グラフィックカード,ぐらふぃっくかーど,,
2354,走行する,そうこうする,,
2355,引き継ぎ,ひきつぎ,,
2356,トップダウン,とっぷだうん,,
2357,俯瞰する,ふかんする,,
2358,ダウンタイム,だうんたいむ,,
2359,検索条件,けんさくじょうけん,,
2360,コンマ,こんま,,
2361,複写,ふくしゃ,,
2362,ワークシート,わーくしーと,,
2363,有識者,ゆうしきしゃ,,
2364,オフセット,おふせっと,,
2365,曲面,きょくめん,,
2366,ローダ,ろーだ,,
2367,躊躇する,ちゅうちょする,,
2368,実行時間,じっこうじかん,,
2369,アドホック,あどほっく,,
2370,導入済み,どうにゅうずみ,,
2371,メインメモリ,めいんめもり,,
2372,バックする,ばっくする,,
2373,セレクタ,せれくた,,
2374,張り付ける,はりつける,,
2375,推論,すいろん,,
2376,条件指定,じょうけんしてい,,
2377,紙面,しめん,,
2378,定理,ていり,,
2379,プレインストール,ぷれいんすとーる,,
2380,チェックポイント,ちぇっくぽいんと,,
2381,クローズ,くろーず,,
2382,マージン,まーじん,,
2383,ハンドリング,はんどりんぐ,,
2384,当てはめる,あてはめる,,
2385,細分,さいぶん,,
2386,装飾する,そうしょくする,,
2387,ファイリング,ふぁいりんぐ,,
2388,パイプライン,ぱいぷらいん,,
2389,混沌,こんとん,,
2390,通信プロトコル,つうしんぷろとこる,,
2391,退避する,たいひする,,
2392,切り開く,きりひらく,,
2393,挑戦,ちょうせん,,
2394,ステート,すてーと,,
2395,ズームレンズ,ずーむれんず,,
2396,ボトムアップ,ぼとむあっぷ,,
2397,草案,そうあん,,
2398,自動抽出,じどうちゅうしゅつ,,
2399,情報処理技術者試験,じょうほうしょりぎじゅつしゃしけん,,
2400,編集機能,へんしゅうきのう,,
2401,情報検索,じょうほうけんさく,,
2402,商社,しょうしゃ,,
2403,シンセサイザー,しんせさいざー,,
2404,表題,ひょうだい,,
2405,常用,じょうよう,,
2406,管理対象,かんりたいしょう,,
2407,液晶パネル,えきしょうぱねる,,
2408,宛名,あてな,,
2409,他方,たほう,,
2410,観察,かんさつ,,
2411,採取する,さいしゅする,,
2412,マトリックス,まとりっくす,,
2413,ロードバランサ,ろーどばらんさ,,
2414,整合,せいごう,,
2415,プロプライエタリ,ぷろぷらいえたり,,
2416,構成管理,こうせいかんり,,
2417,ストップする,すとっぷする,,
2418,業態,ぎょうたい,,
2419,デモンストレーション,でもんすとれーしょん,,
2420,作用する,さようする,,
2421,最小構成,さいしょうこうせい,,
2422,定量,ていりょう,,
2423,ペナルティ,ぺなるてぃ,,
2424,負荷テスト,ふかてすと,,
2425,ページビュー,ぺーじびゅー,,
2426,代える,かえる,,
2427,ローディング,ろーでぃんぐ,,
2428,アプリケーション開発者,あぷりけーしょんかいはつしゃ,,
2429,スパン,すぱん,,
2430,ディメンション,でぃめんしょん,,
2431,バリデーション,ばりでーしょん,,
2432,見受ける,みうける,,
2433,期限切れ,きげんぎれ,,
2434,遂行,すいこう,,
2435,無音,むおん,,
2436,感知,かんち,,
2437,項目名,こうもくめい,,
2438,プレゼン,ぷれぜん,,
2439,更新履歴,こうしんりれき,,
2440,占有,せんゆう,,
2441,広義,こうぎ,,
2442,数行,すうぎょう,,
2443,非圧縮,ひあっしゅく,,
2444,責務,せきむ,,
2445,ツリー構造,つりーこうぞう,,
2446,自然言語処理,しぜんげんごしょり,,
2447,スケーリング,すけーりんぐ,,
2448,雛形,ひながた,,
2449,ビーコン,びーこん,,
2450,脚注,きゃくちゅう,,
2451,通れる,とおれる,,
2452,善意,ぜんい,,
2453,ギガビット,ぎがびっと,,
2454,過大,かだい,,
2455,参画,さんかく,,
2456,フィンガー,ふぃんがー,,
2457,盗聴,とうちょう,,
2458,イベントログ,いべんとろぐ,,
2459,抜き取る,ぬきとる,,
2460,後続,こうぞく,,
2461,ブラックボックス,ぶらっくぼっくす,,
2462,行間,ぎょうかん,,
2463,成果物,せいかぶつ,,
2464,スピンドル,すぴんどる,,
2465,乱立,らんりつ,,
2466,体現する,たいげんする,,
2467,細工,さいく,,
2468,多人数,たにんずう,,
2469,クロール,くろーる,,
2470,エミュレートする,えみゅれーと,,
2471,ハンドラ,はんどら,,
2472,参照先,さんしょうさき,,
2473,重点的,じゅうてんてき,,
2474,官庁,かんちょう,,
2475,ベンチマークテスト,べんちまーくてすと,,
2476,頭打ち,あたまうち,,
2477,矩形,くけい,,
2478,デコードする,でこーどする,,
2479,下期,しもき,,
2480,バックアップファイル,ばっくあっぷふぁいる,,
2481,推計,すいけい,,
2482,色分けする,いろわけする,,
2483,ベンダ,べんだ,,
2484,取りこぼす,とりこぼす,,
2485,非対称,ひたいしょう,,
2486,運搬,うんぱん,,
2487,文字の大きさ,もじのおおきさ,,
2488,離散,りさん,,
2489,モノリシック,ものりしっく,,
2490,環状,かんじょう,,
2491,混合する,こんごうする,,
2492,数種類,すうしゅるい,,
2493,プラスアルファ,ぷらすあるふぁ,,
2494,下限,かげん,,
2495,物品,ぶっぴん,,
2496,ピア,ぴあ,,
2497,実行形式,じっこうけいしき,,
2498,横長,よこなが,,
2499,内包する,ないほうする,,
2500,仮想的,かそうてき,,
2501,可読性,かどくせい,,
2502,全画面,ぜんめんてき,,
2503,データ変換,でーたへんかん,,
2504,ウェブサーバ,うぇぶさーば,,
2505,付箋,ふせん,,
2506,デジタル署名,でじたるしょめい,,
2507,記憶媒体,きおくばいたい,,
2508,立方体,りっぽうたい,,
2509,ジャバ,じゃば,,
2510,ディレクトリ名,でぃれくとりめい,,
2511,普遍,ふへん,,
2512,館内,かんない,,
2513,インジケータ,いんじけーた,,
2514,経過時間,けいかじかん,,
2515,ステータスバー,すてーたすばー,,
2516,フローチャート,ふろーちゃーと,,
2517,ネットワーク監視,ねっとわーくかんし,,
2518,簡便,かんべん,,
2519,帳簿,ちょうぼ,,
2520,分担,ぶんたん,,
2521,重ね合う,かさねあう,,
2522,カウンタ,かうんた,,
2523,再送,さいそう,,
2524,完全対応,かんぜんたいおう,,
2525,線分,せんぶん,,
2526,タグ付け,たぐづけ,,
2527,代数,だいすう,,
2528,肥大,ひだい,,
2529,行番号,ぎょうばんごう,,
2530,多角,たかく,,
2531,流儀,りゅうぎ,,
2532,太字,ふとじ,,
2533,テキスト形式,てきすとけいしき,,
2534,まちまち,まちまち,,
2535,磁気テープ,じきてーぷ,,
2536,エラー処理,えらーしょり,,
2537,首尾,しゅび,,
2538,コーパス,こーぱす,,
2539,死活,しかつ,,
2540,一段,いちだん,,
2541,プラットホーム,ぷらっとほーむ,,
2542,似せる,にせる,,
2543,方眼,ほうがん,,
2544,ブラケット,ぶらけっと,,
2545,セマンティック,せまんてぃっく,,
2546,実数,じっすう,,
2547,セルフサービス,せるふさーびす,,
2548,プランニング,ぷらんにんぐ,,
2549,コンピュータシステム,こんぴゅーたしすてむ,,
2550,供与,きょうよ,,
2551,前置き,まえおき,,
2552,印刷物,いんさつぶつ,,
2553,ゆがみ,ゆがみ,,
2554,起動ディスク,きどうでぃすく,,
2555,サブドメイン,さぶどめいん,,
2556,サブルーチン,さぶるーちん,,
2557,起動画面,きどうがめん,,
2558,キーワード検索,きーわーどけんさく,,
2559,下層,かそう,,
2560,ホワイトペーパー,ほわいとぺーぱー,,
2561,省略できる,しょうりゃくできる,,
2562,クロスサイトスクリプティング,くろすさいとすくりぷてぃんぐ,,
2563,ステージング,すいてーじんぐ,,
2564,例示,れいじ,,
2565,運行する,うんこうする,,
2566,末端,まったん,,
2567,マウスポインタ,まうすぽいんた,,
2568,委譲,いじょう,,
2569,キーストローク,きーすとろーく,,
2570,標準的,ひょうじゅんてき,,
2571,決定,けってい,,
2572,データベースエンジン,でーたべーすえんじん,,
2573,こたえる,こたえる,,
2574,有意,ゆうい,,
2575,仮想メモリ,かそうめもり,,
2576,ファイル管理,ふぁいるかんり,,
2577,移り変わる,うつりかわる,,
2578,巻き起こす,まきおこす,,
2579,塗りつぶす,ぬりつぶす,,
2580,総量,そうりょう,,
2581,電信,でんしん,,
2582,人月,にんげつ,,
2583,ネットワーク管理,ねっとわーくかんり,,
2584,アタッチ,あたっち,,
2585,フルバージョン,ふるばーじょん,,
2586,コミットメント,こみっとめんと,,
2587,始動する,しどうする,,
2588,拡張スロット,かくちょうすろっと,,
2589,空欄,くうらん,,
2590,明暗,めいあん,,
2591,収束する,しゅうそくする,,
2592,科す,かす,,
2593,ルーツ,るーつ,,
2594,先方,せんぽう,,
2595,算定,さんてい,,
2596,クリーンインストール,くりーんいんすとーる,,
2597,指し示す,さししめす,,
2598,ビジネスロジック,びじねすろじっく,,
2599,煩わしい,わずらわしい,,
2600,枯渇,こかつ,,
2601,デフラグ,でふらぐ,,
2602,折衝,せっしょう,,
2603,旧版,きゅうはん,,
2604,アクセス許可,あくせすきょか,,
2605,ハイフン,はいふん,,
2606,バグフィックス,ばぐふぃっくす,,
2607,スタブ,すたぶ,,
2608,同義,どうぎ,,
2609,元通り,もとどおり,,
2610,スクリプトファイル,すくりぷとふぁいる,,
2611,小数,しょうすう,,
2612,不親切,ふしんせつ,,
2613,しかける,しかける,,
2614,母体,ぼたい,,
2615,性能評価,せいのうひょうか,,
2616,プロット,ぷろっと,,
2617,切り抜く,きりぬく,,
2618,再帰的,さいきてき,,
2619,通常モード,つうじょうもーど,,
2620,棄却,ききゃく,,
2621,回線速度,かいせんそくど,,
2622,対数,たいすう,,
2623,アクティベート,あくてぃべーと,,
2624,ホームディレクトリ,ほーむでぃれくとり,,
2625,主眼,しゅがん,,
2626,細心,さいしん,,
2627,ぼかし,ぼかし,,
2628,チームリーダー,ちーむりーだー,,
2629,分業,ぶんぎょう,,
2630,チェーンメール,ちぇーんめーる,,
2631,差出人,さしだしにん,,
2632,メーカ,めーか,,
2633,構成変更,こうせいへんこう,,
2634,織り込む,おりこむ,,
2635,橋渡し,はしわたし,,
2636,パリティ,ぱりてぃ,,
2637,走査する,そうさする,,
2638,乗換,のりかえ,,
2639,ポーリング,ぽーりんぐ,,
2640,ファイルフォーマット,ふぁいるふぉーまっと,,
2641,余儀ない,よぎない,,
2642,デュアルブート,でゅあるぶーと,,
2643,ライセンス契約,らいせんすけいやく,,
2644,標準時,ひょうじゅんじ,,
2645,折れ線,おれせん,,
2646,受け持つ,うけもつ,,
2647,線形,せんけい,,
2648,データベースシステム,でーたべーすしすてむ,,
2649,多段,ただん,,
2650,用例,ようれい,,
2651,縦長,たてなが,,
2652,グローバル変数,ぐろーばるへんすう,,
2653,高水準,こうすいじゅん,,
2654,改竄,かいざん,,
2655,固有名詞,こゆうめいし,,
2656,全角文字,ぜんかくもじ,,
2657,抜き差し,ぬきさし,,
2658,パターンマッチング,ぱたーんまっちんぐ,,
2659,ビューワ,びゅーわ,,
2660,英数,えいすう,,
2661,最古,さいこ,,
2662,設定時,せっていじ,,
2663,リバースエンジニアリング,りばーすえんじにありんぐ,,
2664,ルビ,るび,,
2665,正規形,せいきけい,,
2666,手直し,てなおし,,
2667,ジョイン,じょいん,,
2668,形態素,けいたいそ,,
2669,各人,かくじん,,
2670,再読み込み,さいよみこみ,,
2671,不明瞭,ふめいりょう,,
2672,エンコーダ,えんこーだ,,
2673,作製,さくせい,,
2674,中央処理装置,ちゅうおうしょりそうち,,
2675,顧客サービス,こきゃくさーびす,,
2676,雑多,ざった,,
2677,直観,ちょっかん,,
2678,構造化,こうぞうか,,
2679,不一致,ふいっち,,
2680,通信規格,つうしんきかく,,
2681,別個,べっこ,,
2682,条件下,じょうけんか,,
2683,立て直し,たてなおし,,
2684,移管,いかん,,
2685,ひとまとめ,ひとまとめ,,
2686,時限,じげん,,
2687,区切り文字,くぎりもじ,,
2688,月次,げつじ,,
2689,しのぎ,しのぎ,,
2690,外部データ,がいぶでーた,,
2691,平行,へいこう,,
2692,校正,こうせい,,
2693,全画面表示,ぜんがめんひょうじ,,
2694,ペタバイト,ぺたばいと,,
2695,近似,きんじ,,
2696,判例,はんれい,,
2697,範疇,はんちゅう,,
2698,蔵書,ぞうしょ,,
2699,加担する,かたんする,,
2700,トレードオフ,とれーどおふ,,
2701,温床,おんしょう,,
2702,棒グラフ,ぼうぐらふ,,
2703,視差,しさ,,
2704,電子署名,でんししょめい,,
2705,ダイアログボックス,だいあろぐぼっくす,,
2706,不利益,ふりえき,,
2707,ピリオド,ぴりおど,,
2708,放熱,ほうねつ,,
2709,アドウェア,あどうぇあ,,
2710,カーソルキー,かーそるきー,,
2711,混同,こんどう,,
2712,断り,ことわり,,
2713,オフコン,おふこん,,
2714,複数個,ふくすうこ,,
2715,再接続,さいせつぞく,,
2716,転入,てんにゅう,,
2717,相互接続,そうごせつぞく,,
2718,バッファリング,ばっふぁりんぐ,,
2719,高周波,こうしゅうは,,
2720,ハイエンドモデル,はいえんどもでる,,
2721,望める,のぞめる,,
2722,エラーコード,えらーこーど,,
2723,推定値,すいていち,,
2724,利用頻度,りようひんど,,
2725,消灯,しょうとう,,
2726,捕捉する,ほそくする,,
2727,打鍵,だけん,,
2728,自明,じめい,,
2729,シェアウェア,しぇあうぇあ,,
2730,色相,しきそう,,
2731,レスポンスタイム,れすぽんすたいむ,,
2732,カプセル化,かぷせるか,,
2733,デバッグモード,でばっぐもーど,,
2734,テクニカルサポート,てくにかるさぽーと,,
2735,ドロップダウンメニュー,どろっぷだうんめにゅー,,
2736,プルダウンメニュー,ぷるだうんめにゅー,,
2737,不履行,ふりこう,,
2738,ポピュラー,ぽぴゅらー,,
2739,ミクロ,みくろ,,
2740,リモート接続,りもーとせつぞく,,
2741,デザイナ,でざいな,,
2742,直接入力,ちょくせつにゅうりょく,,
2743,各行,かくぎょう,,
2744,関数型言語,かんすうがたげんご,,
2745,プログラミング環境,ぷろぐらみんぐかんきょう,,
2746,インターネットビジネス,いんたーねっとびじねす,,
2747,インクジェットプリンタ,いんくじぇっとぷりんた,,
2748,手助け,てだすけ,,
2749,論じる,ろんじる,,
2750,シングルサインオン,しんぐるさいんおん,,
2751,変換機能,へんかんきのう,,
2752,スケジューリング,すけじゅーりんぐ,,
2753,改名,かいめい,,
2754,エラーチェック,えらーちぇっく,,
2755,情報伝達,じょうほうでんたつ,,
2756,サーチエンジン,さーちえんじん,,
2757,潤沢,じゅんたく,,
2758,概略,がいりゃく,,
2759,コンバート,こんばーと,,
2760,情報工学,じょうほうこうがく,,
2761,標準ライブラリ,ひょうじゅんらいぶらり,,
2762,退勤,たいきん,,
2763,修正版,しゅうせいばん,,
2764,商用版,しょうようばん,,
2765,セミコロン,せみころん,,
2766,特筆する,とくひつする,,
2767,確度,かくど,,
2768,作為,さくい,,
2769,はじく,はじく,,
2770,所感,しょかん,,
2771,上段,じょうだん,,
2772,圧縮アルゴリズム,あっしゅくあるごりずむ,,
2773,終結,しゅうけつ,,
2774,図表,ずひょう,,
2775,ネットワーク図,ねっとわーくず,,
2776,慣例,かんれい,,
2777,アスタリスク,あすたりすく,,
2778,当月,とうげつ,,
2779,モノラル,ものらる,,
2780,迂回,うかい,,
2781,関数名,かんすうめい,,
2782,切り分け,きりわけ,,
2783,サスペンド,さすぺんど,,
2784,浮き上がる,うきあがる,,
2785,システム統合,しすてむとうごう,,
2786,技術要件,ぎじゅつようけん,,
2787,不用意,ふようい,,
2788,法規,ほうき,,
2789,寡占,かせん,,
2790,昇順,しょうじゅん,,
2791,一様,いちよう,,
2792,借用,しゃくよう,,
2793,ベータテスト,べーたてすと,,
2794,リスタート,りすたーと,,
2795,クロック周波数,くろっくしゅうはすう,,
2796,アセンブリ言語,あせんぶりげんご,,
2797,スピーカ,すぴーか,,
2798,アソシエーション,あそしえーしょん,,
2799,失効,しっこう,,
2800,慣用,かんよう,,
2801,秘匿,ひとく,,
2802,ロイヤリティ,ろいやりてぃ,,
2803,四則,しそく,,
2804,送信側,そうしんがわ,,
2805,デファクトスタンダード,でふぁくとすたんだーど,,
2806,過負荷,かふか,,
2807,アスペクト比,あすぺくとひ,,
2808,編集モード,へんしゅうもーど,,
2809,多言語対応,たげんごたいおう,,
2810,個々人,ここじん,,
2811,自動保存,じどうほぞん,,
2812,肩代わりする,かたがわりする,,
2813,動作モード,どうさもーど,,
2814,陰影,いんえい,,
2815,接続機器,せつぞくきき,,
2816,前例,ぜんれい,,
2817,セキュリティ管理,せきゅりてぃかんり,,
2818,遵守する,そんしゅする,,
2819,モータ,もーた,,
2820,事足りる,ことたりる,,
2821,トランザクション処理,とらんざくしょんかんり,,
2822,足し算,たしざん,,
2823,出退勤,しゅったいきん,,
2824,接頭,せっとう,,
2825,ブローカー,ぶろーかー,,
2826,プロジェクタ,ぷろじぇくた,,
2827,テスト結果,てすとけっか,,
2828,オンラインバンキング,おんらいんばんきんぐ,,
2829,付す,ふす,,
2830,フルバックアップ,ふるばっくあっぷ,,
2831,生データ,なまでーた,,
2832,競売,きょうばい,,
2833,文字コード,もじこーど,,
2834,ユーザー定義,ゆーざーていぎ,,
2835,パスフレーズ,ぱすふれーず,,
2836,解答,かいとう,,
2837,作図,さくず,,
2838,ユーザーインタフェース,ゆーざーいんたふぇーす,,
2839,換わる,かわる,,
2840,ハイパフォーマンス,はいぱふぉーまんす,,
2841,ひと通り,ひととおり,,
2842,題目,だいもく,,
2843,隠しファイル,かくしふぁいる,,
2844,電源投入,でんげんとうにゅう,,
2845,行末,ぎょうまつ,,
2846,実害,じつがい,,
2847,電源スイッチ,でんげんすいっち,,
2848,共有メモリ,きょうゆうめもり,,
2849,システム障害,しすてむしょうがい,,
2850,補強する,ほきょうする,,
2851,リモートホスト,りもーとほすと,,
2852,稟議,りんぎ,,
2853,データモデリング,でーたもでりんぐ,,
2854,正誤,せいご,,
2855,外線,がいせん,,
2856,入力用,にゅうりょくよう,,
2857,キーボードショートカット,きーぼーどしょーとかっと,,
2858,メモリリーク,めもりりーく,,
2859,関知,かんち,,
2860,パスコード,ぱすこーど,,
2861,告示,こくじ,,
2862,売価,ばいか,,
2863,欧文,おうぶん,,
2864,処理系,しょりけい,,
2865,細切れ,こまぎれ,,
2866,エンター,えんたー,,
2867,毎時,まいじ,,
2868,書庫,しょこ,,
2869,追随する,ついずいする,,
2870,読み替える,よみかえる,,
2871,集計結果,しゅうけいけっか,,
2872,作業負荷,さぎょうふか,,
2873,インスタンス変数,いんすたんすへんすう,,
2874,省力,しょうりょく,,
2875,断続,だんぞく,,
2876,グループ化,ぐるーぷか,,
2877,負荷分散装置,ふかぶんさんそうち,,
2878,切り取り,きりとり,,
2879,抽出条件,ちゅうしゅつじょうけん,,
2880,連係,れんけい,,
2881,画像情報,がぞうじょうほう,,
2882,テストスクリプト,てすとすくりぷと,,
2883,パス名,ぱすめい,,
2884,かな漢字変換,かなかんじへんかん,,
2885,パソコンショップ,ぱそこんしょっぷ,,
2886,仲介,ちゅうかい,,
2887,優る,まさる,,
2888,未確認,みかくにん,,
2889,基点,きてん,,
2890,返送,へんそう,,
2891,タイトルバー,たいとるばー,,
2892,点線,てんせん,,
2893,カスケード,かすけーど,,
2894,スプール,すぷーる,,
2895,成り立ち,なりたち,,
2896,命題,めいだい,,
2897,台形,だいけい,,
2898,月数,つきすう,,
2899,インターネットバンキング,いんたーねっとばんきんぐ,,
2900,導線,どうせん,,
2901,構文解析,こうぶんかいせき,,
2902,パースペクティブ,ぱーすぺくてぃぶ,,
2903,四角形,しかくけい,,
2904,プレーンテキスト,ぷれーんてきすと,,
2905,議事,ぎじ,,
2906,入力デバイス,にゅうりょくでばいす,,
2907,最大数,さいだいち,,
2908,通達,つうたつ,,
2909,クロックアップ,くろっくあっぷ,,
2910,直列,ちょくれつ,,
2911,ジョブキュー,じょぶきゅー,,
2912,ヘッドマウントディスプレイ,へっどまうんとでぃすぷれい,,
2913,横書き,よこがき,,
2914,近傍,きんぼう,,
2915,自動削除,じどうさくじょ,,
2916,数値データ,すうちでーた,,
2917,ストアドプロシージャ,すとあどぷろしーじゃ,,
2918,改行文字,かいぎょうもじ,,
2919,不可視,ふかし,,
2920,通電,つうでん,,
2921,メインメニュー,めいんめにゅー,,
2922,リチウムイオン電池,りちうむいおんでんち,,
2923,発声,はっせい,,
2924,略語,りゃくご,,
2925,検疫,けんえき,,
2926,ファクタ,ふぁくた,,
2927,アンダーライン,あんだーらいん,,
2928,ペインティング,ぺいんてぃんぐ,,
2929,プレフィックス,ぷれふぃっくす,,
2930,ダブルタップ,だぶるたっぷ,,
2931,過密,かみつ,,
2932,定義済み,ていぎずみ,,
2933,とっつく,とっつく,,
2934,言語仕様,げんごしよう,,
2935,ファイル削除,ふぁいるさくじょ,,
2936,ダイオード,だいおーど,,
2937,始点,してん,,
2938,デスクトップ型,ですくとっぷがた,,
2939,チューリング,ちゅーりんぐ,,
2940,逆算,ぎゃくさん,,
2941,文字認識,もじにんしき,,
2942,パーティションテーブル,ぱーてぃしょんてーぶる,,
2943,添字,そえじ,,
2944,フローティング,ふろーてぃんぐ,,
2945,サブメニュー,さぶめにゅー,,
2946,仮想空間,かそうくうかん,,
2947,誤記,ごき,,
2948,追従,ついじゅう,,
2949,注記,ちゅうき,,
2950,最下,さいか,,
2951,キロバイト,きろばいと,,
2952,取り回す,とりまわす,,
2953,伝播,でんぱ,,
2954,スカラー,すからー,,
2955,遠近,えんきん,,
2956,工期,こうき,,
2957,乖離,かいり,,
2958,プライオリティ,ぷらいおりてぃ,,
2959,ランダムアクセス,らんだむあくせす,,
2960,プログラム名,ぷろぐらむめい,,
2961,享受,きょうじゅ,,
2962,処理内容,しょりないよう,,
2963,外形,がいけい,,
2964,機軸,きじく,,
2965,疎結合,そけつごう,,
2966,テキストベース,てきすとべーす,,
2967,大枠,おおわく,,
2968,フォローアップ,ふぉろーあっぷ,,
2969,マルチディスプレイ,まるちでぃすぷれい,,
2970,ローマ字入力,ろーまじにゅうりょく,,
2971,低電力,ていでんりょく,,
2972,ブロッキング,ぶろっきんぐ,,
2973,引き算,ひきざん,,
2974,誤植,ごしょく,,
2975,素性,すじょう,,
2976,振幅,しんぷく,,
2977,ジャンプ,じゃんぷ,,
2978,減算,げんざん,,
2979,ネットワークドライブ,ねっとわーくどらいぶ,,
2980,書き込み可能,かきこみかのう,,
2981,図版,ずはん,,
2982,動作時間,どうさじかん,,
2983,常態,じょうたい,,
2984,共通化,きょうつうか,,
2985,渡り歩く,わたりあるく,,
2986,システム監査,しすてむかんさ,,
2987,類する,るいする,,
2988,コンフィギュレーション,こんふぃぎゅれーしょん,,
2989,デコーダ,でこーだ,,
2990,色付け,いろづけ,,
2991,パブリックドメイン,ぱぶりっくどめいん,,
2992,もくろむ,もくろむ,,
2993,ウィンドウサイズ,うぃんどうさいず,,
2994,受発注,じゅはっちゅう,,
2995,カウントアップ,かうんとあっぷ,,
2996,スレート,すれーと,,
2997,子プロセス,こぷろせす,,
2998,ページング,ぺーじんぐ,,
2999,通信料金,つうしんりょうきん,,
3000,文字セット,もじせっと,,
